{"v":"5.6.3","fr":60,"ip":0,"op":600,"w":1500,"h":602,"nm":"Slide 1","ddd":0,"assets":[{"id":"comp_0","layers":[{"ddd":0,"ind":1,"ty":4,"nm":"Vector","parent":6,"sr":1,"ks":{"o":{"a":0,"k":100,"ix":11},"r":{"a":0,"k":0,"ix":10},"p":{"a":0,"k":[31.728,-19.743,0],"ix":2},"a":{"a":0,"k":[0,0,0],"ix":1},"s":{"a":0,"k":[100,100,100],"ix":6}},"ao":0,"shapes":[{"ty":"gr","it":[{"ind":0,"ty":"sh","ix":1,"ks":{"a":0,"k":{"i":[[0,0],[0,0],[0,0]],"o":[[-0.1,-1.2],[1.2,-0.5],[-2.1,-0.6]],"v":[[0.5,1.661],[-1.3,-1.439],[1.3,-1.439]],"c":true},"ix":2},"nm":"Path 1","mn":"ADBE Vector Shape - Group","hd":false},{"ty":"fl","c":{"a":0,"k":[0.941666662693,0.709957242012,0.549305558205,1],"ix":4},"o":{"a":0,"k":100,"ix":5},"r":1,"bm":0,"nm":"Fill 1","mn":"ADBE Vector Graphic - Fill","hd":false},{"ty":"tr","p":{"a":0,"k":[0,0],"ix":2},"a":{"a":0,"k":[0,0],"ix":1},"s":{"a":0,"k":[300,300],"ix":3},"r":{"a":0,"k":0,"ix":6},"o":{"a":0,"k":100,"ix":7},"sk":{"a":0,"k":0,"ix":4},"sa":{"a":0,"k":0,"ix":5},"nm":"Transform"}],"nm":"Vector","np":2,"cix":2,"bm":0,"ix":1,"mn":"ADBE Vector Group","hd":false}],"ip":0,"op":600,"st":0,"bm":0},{"ddd":0,"ind":2,"ty":4,"nm":"Vector","parent":6,"sr":1,"ks":{"o":{"a":0,"k":100,"ix":11},"r":{"a":0,"k":0,"ix":10},"p":{"a":0,"k":[5.628,-27.509,0],"ix":2},"a":{"a":0,"k":[0,0,0],"ix":1},"s":{"a":0,"k":[100,100,100],"ix":6}},"ao":0,"shapes":[{"ty":"gr","it":[{"ind":0,"ty":"sh","ix":1,"ks":{"a":0,"k":{"i":[[0,0],[0,0],[0,0.1]],"o":[[0,0],[0.9,-0.9],[-3.1,0.3]],"v":[[0.3,1.85],[-1.7,-1.05],[1.7,-1.85]],"c":true},"ix":2},"nm":"Path 1","mn":"ADBE Vector Shape - Group","hd":false},{"ty":"fl","c":{"a":0,"k":[0.941666662693,0.709957242012,0.549305558205,1],"ix":4},"o":{"a":0,"k":100,"ix":5},"r":1,"bm":0,"nm":"Fill 1","mn":"ADBE Vector Graphic - Fill","hd":false},{"ty":"tr","p":{"a":0,"k":[0,0],"ix":2},"a":{"a":0,"k":[0,0],"ix":1},"s":{"a":0,"k":[300,300],"ix":3},"r":{"a":0,"k":0,"ix":6},"o":{"a":0,"k":100,"ix":7},"sk":{"a":0,"k":0,"ix":4},"sa":{"a":0,"k":0,"ix":5},"nm":"Transform"}],"nm":"Vector","np":2,"cix":2,"bm":0,"ix":1,"mn":"ADBE Vector Group","hd":false}],"ip":0,"op":600,"st":0,"bm":0},{"ddd":0,"ind":3,"ty":4,"nm":"Vector","parent":6,"sr":1,"ks":{"o":{"a":0,"k":100,"ix":11},"r":{"a":0,"k":0,"ix":10},"p":{"a":0,"k":[-16.272,-25.859,0],"ix":2},"a":{"a":0,"k":[0,0,0],"ix":1},"s":{"a":0,"k":[100,100,100],"ix":6}},"ao":0,"shapes":[{"ty":"gr","it":[{"ind":0,"ty":"sh","ix":1,"ks":{"a":0,"k":{"i":[[0,0],[0,0],[0,0.1]],"o":[[0,0],[0.8,-0.9],[-2.3,0.9]],"v":[[0.7,2.1],[-1.3,-0.8],[1.3,-2.1]],"c":true},"ix":2},"nm":"Path 1","mn":"ADBE Vector Shape - Group","hd":false},{"ty":"fl","c":{"a":0,"k":[0.941666662693,0.709957242012,0.549305558205,1],"ix":4},"o":{"a":0,"k":100,"ix":5},"r":1,"bm":0,"nm":"Fill 1","mn":"ADBE Vector Graphic - Fill","hd":false},{"ty":"tr","p":{"a":0,"k":[0,0],"ix":2},"a":{"a":0,"k":[0,0],"ix":1},"s":{"a":0,"k":[300,300],"ix":3},"r":{"a":0,"k":0,"ix":6},"o":{"a":0,"k":100,"ix":7},"sk":{"a":0,"k":0,"ix":4},"sa":{"a":0,"k":0,"ix":5},"nm":"Transform"}],"nm":"Vector","np":2,"cix":2,"bm":0,"ix":1,"mn":"ADBE Vector Group","hd":false}],"ip":0,"op":600,"st":0,"bm":0},{"ddd":0,"ind":4,"ty":4,"nm":"Vector","parent":6,"sr":1,"ks":{"o":{"a":0,"k":100,"ix":11},"r":{"a":0,"k":0,"ix":10},"p":{"a":0,"k":[-38.379,-24.859,0],"ix":2},"a":{"a":0,"k":[0,0,0],"ix":1},"s":{"a":0,"k":[100,100,100],"ix":6}},"ao":0,"shapes":[{"ty":"gr","it":[{"ind":0,"ty":"sh","ix":1,"ks":{"a":0,"k":{"i":[[6,6.3],[0,0],[-1.2,-4.2],[-1.7,-1.9],[0.1,1.8]],"o":[[-6,-6.3],[-2.6,2.3],[1.3,4.3],[3.5,3.9],[-0.1,-1.7]],"v":[[-2.031,2.066],[-5.131,-14.434],[-6.631,-3.534],[-1.031,6.766],[7.369,14.066]],"c":true},"ix":2},"nm":"Path 1","mn":"ADBE Vector Shape - Group","hd":false},{"ty":"fl","c":{"a":0,"k":[0.941666662693,0.709957242012,0.549305558205,1],"ix":4},"o":{"a":0,"k":100,"ix":5},"r":1,"bm":0,"nm":"Fill 1","mn":"ADBE Vector Graphic - Fill","hd":false},{"ty":"tr","p":{"a":0,"k":[0,0],"ix":2},"a":{"a":0,"k":[0,0],"ix":1},"s":{"a":0,"k":[300,300],"ix":3},"r":{"a":0,"k":0,"ix":6},"o":{"a":0,"k":100,"ix":7},"sk":{"a":0,"k":0,"ix":4},"sa":{"a":0,"k":0,"ix":5},"nm":"Transform"}],"nm":"Vector","np":2,"cix":2,"bm":0,"ix":1,"mn":"ADBE Vector Group","hd":false}],"ip":0,"op":600,"st":0,"bm":0},{"ddd":0,"ind":5,"ty":4,"nm":"Vector","parent":6,"sr":1,"ks":{"o":{"a":0,"k":100,"ix":11},"r":{"a":0,"k":0,"ix":10},"p":{"a":0,"k":[-40.574,21.541,0],"ix":2},"a":{"a":0,"k":[0,0,0],"ix":1},"s":{"a":0,"k":[100,100,100],"ix":6}},"ao":0,"shapes":[{"ty":"gr","it":[{"ind":0,"ty":"sh","ix":1,"ks":{"a":0,"k":{"i":[[0,0],[1.5,-3],[-3.7,-5.8],[0.5,0.9],[-1.9,2.1]],"o":[[0,0],[-0.9,1.7],[-0.5,-0.8],[-2.8,-5.4],[0.9,1.3]],"v":[[3.501,-5.6],[-1.699,-3],[0.101,8.6],[-2.399,4.5],[-0.099,-8.6]],"c":true},"ix":2},"nm":"Path 1","mn":"ADBE Vector Shape - Group","hd":false},{"ty":"fl","c":{"a":0,"k":[0.941666662693,0.709957242012,0.549305558205,1],"ix":4},"o":{"a":0,"k":100,"ix":5},"r":1,"bm":0,"nm":"Fill 1","mn":"ADBE Vector Graphic - Fill","hd":false},{"ty":"tr","p":{"a":0,"k":[0,0],"ix":2},"a":{"a":0,"k":[0,0],"ix":1},"s":{"a":0,"k":[300,300],"ix":3},"r":{"a":0,"k":0,"ix":6},"o":{"a":0,"k":100,"ix":7},"sk":{"a":0,"k":0,"ix":4},"sa":{"a":0,"k":0,"ix":5},"nm":"Transform"}],"nm":"Vector","np":2,"cix":2,"bm":0,"ix":1,"mn":"ADBE Vector Group","hd":false}],"ip":0,"op":600,"st":0,"bm":0},{"ddd":0,"ind":6,"ty":4,"nm":"Hand parent","sr":1,"ks":{"o":{"a":0,"k":100,"ix":11},"r":{"a":0,"k":0,"ix":10},"p":{"a":1,"k":[{"i":{"x":0.162,"y":1},"o":{"x":0.898,"y":0},"t":0,"s":[1385.372,535.359,0],"to":[-608.167,43.667,0],"ti":[0,0,0]},{"i":{"x":0.162,"y":1},"o":{"x":0.751,"y":0},"t":45,"s":[455.372,326.359,0],"to":[0,0,0],"ti":[0,0,0]},{"i":{"x":0.21,"y":1},"o":{"x":0.751,"y":0},"t":75,"s":[457.372,335.359,0],"to":[0,0,0],"ti":[0,0,0]},{"i":{"x":0.21,"y":0.21},"o":{"x":0.333,"y":0.333},"t":105,"s":[649.372,335.359,0],"to":[0,0,0],"ti":[0,0,0]},{"i":{"x":0.21,"y":0.21},"o":{"x":0.167,"y":0.167},"t":220,"s":[649.372,335.359,0],"to":[0,0,0],"ti":[0,0,0]},{"i":{"x":0.21,"y":1},"o":{"x":0.716,"y":0},"t":261,"s":[649.372,335.359,0],"to":[0,0,0],"ti":[0,0,0]},{"i":{"x":0.21,"y":0.21},"o":{"x":0.167,"y":0.167},"t":291,"s":[866.372,324.359,0],"to":[0,0,0],"ti":[0,0,0]},{"i":{"x":0.21,"y":1},"o":{"x":0.167,"y":0},"t":455,"s":[866.372,324.359,0],"to":[0,0,0],"ti":[0,0,0]},{"i":{"x":0.21,"y":0.21},"o":{"x":0.167,"y":0.167},"t":491,"s":[460.372,328.359,0],"to":[0,0,0],"ti":[0,0,0]},{"i":{"x":0.667,"y":1},"o":{"x":0.167,"y":0},"t":540,"s":[460.372,328.359,0],"to":[0,0,0],"ti":[-650.188,4.669,0]},{"t":570,"s":[1385.372,535.359,0]}],"ix":2},"a":{"a":0,"k":[0,0,0],"ix":1},"s":{"a":1,"k":[{"i":{"x":[0.667,0.667,0.667],"y":[1,1,1]},"o":{"x":[0.333,0.333,0.333],"y":[0,0,0]},"t":42,"s":[100,100,100]},{"i":{"x":[0.667,0.667,0.667],"y":[1,1,1]},"o":{"x":[0.333,0.333,0.333],"y":[0,0,0]},"t":52,"s":[84.977,89.918,100]},{"i":{"x":[0.667,0.667,0.667],"y":[1,1,1]},"o":{"x":[0.333,0.333,0.333],"y":[0,0,0]},"t":110,"s":[84.977,89.918,100]},{"i":{"x":[0.667,0.667,0.667],"y":[1,1,1]},"o":{"x":[0.167,0.167,0.167],"y":[0,0,0]},"t":120,"s":[100,100,100]},{"i":{"x":[0.667,0.667,0.667],"y":[1,1,1]},"o":{"x":[0.167,0.167,0.167],"y":[0,0,0]},"t":220,"s":[100,100,100]},{"i":{"x":[0.667,0.667,0.667],"y":[1,1,1]},"o":{"x":[0.167,0.167,0.167],"y":[0,0,0]},"t":232,"s":[84.977,89.918,100]},{"i":{"x":[0.667,0.667,0.667],"y":[1,1,1]},"o":{"x":[0.167,0.167,0.167],"y":[0,0,0]},"t":298,"s":[84.977,89.918,100]},{"i":{"x":[0.667,0.667,0.667],"y":[1,1,1]},"o":{"x":[0.167,0.167,0.167],"y":[0,0,0]},"t":310,"s":[100,100,100]},{"i":{"x":[0.612,0.612,0.612],"y":[1,1,1]},"o":{"x":[0.275,0.275,0.275],"y":[0,0,0]},"t":442,"s":[100,100,100]},{"i":{"x":[0.612,0.612,0.612],"y":[1,1,1]},"o":{"x":[0.224,0.224,0.224],"y":[0,0,0]},"t":455,"s":[85,85,100]},{"i":{"x":[0.667,0.667,0.667],"y":[1,1,1]},"o":{"x":[0.224,0.224,0.224],"y":[0,0,0]},"t":491,"s":[85,85,100]},{"i":{"x":[0.682,0.682,0.682],"y":[1,1,1]},"o":{"x":[0.275,0.275,0.275],"y":[0,0,0]},"t":504,"s":[100,100,100]},{"i":{"x":[0.667,0.667,0.667],"y":[1,1,1]},"o":{"x":[0.167,0.167,0.167],"y":[0,0,0]},"t":633,"s":[100,100,100]},{"i":{"x":[0.667,0.667,0.667],"y":[1,1,1]},"o":{"x":[0.167,0.167,0.167],"y":[0,0,0]},"t":645,"s":[84.977,89.918,100]},{"i":{"x":[0.667,0.667,0.667],"y":[1,1,1]},"o":{"x":[0.167,0.167,0.167],"y":[0,0,0]},"t":711,"s":[84.977,89.918,100]},{"t":723,"s":[100,100,100]}],"ix":6}},"ao":0,"shapes":[{"ty":"gr","it":[{"ind":0,"ty":"sh","ix":1,"ks":{"a":0,"k":{"i":[[-2.9,7.7],[2.6,4.1],[2.2,-0.7],[3.9,-2],[2.3,-2.1],[0.9,2.7],[0.6,-8.5],[-2.9,-3.8],[-2.8,-5.4],[-4.5,-1.1]],"o":[[3,-7.8],[-2.7,-4.1],[-1.4,-1.6],[-1.3,-0.5],[-2.3,-3.4],[-1.5,-4.2],[-0.5,6.9],[-2,2.2],[3.6,6.7],[4.6,1.1]],"v":[[18.276,11.88],[17.276,-3.52],[9.176,-8.12],[-0.024,-10.32],[-6.824,-9.42],[-11.924,-19.12],[-19.924,-17.62],[-13.724,-1.52],[-16.024,11.58],[-4.124,22.98]],"c":true},"ix":2},"nm":"Path 1","mn":"ADBE Vector Shape - Group","hd":false},{"ty":"fl","c":{"a":0,"k":[1,0.830252349377,0.629166662693,1],"ix":4},"o":{"a":0,"k":100,"ix":5},"r":1,"bm":0,"nm":"Fill 1","mn":"ADBE Vector Graphic - Fill","hd":false},{"ty":"tr","p":{"a":0,"k":[0,0],"ix":2},"a":{"a":0,"k":[0,0],"ix":1},"s":{"a":0,"k":[300,300],"ix":3},"r":{"a":0,"k":0,"ix":6},"o":{"a":0,"k":100,"ix":7},"sk":{"a":0,"k":0,"ix":4},"sa":{"a":0,"k":0,"ix":5},"nm":"Transform"}],"nm":"Vector","np":2,"cix":2,"bm":0,"ix":1,"mn":"ADBE Vector Group","hd":false}],"ip":0,"op":600,"st":0,"bm":0},{"ddd":0,"ind":7,"ty":4,"nm":"Circle small","parent":9,"sr":1,"ks":{"o":{"a":0,"k":100,"ix":11},"r":{"a":0,"k":0,"ix":10},"p":{"a":0,"k":[0,0,0],"ix":2},"a":{"a":0,"k":[0,0,0],"ix":1},"s":{"a":0,"k":[100,100,100],"ix":6}},"ao":0,"shapes":[{"ty":"gr","it":[{"ind":0,"ty":"sh","ix":1,"ks":{"a":0,"k":{"i":[[0,-3.424],[3.424,0],[0,3.424],[-3.424,0]],"o":[[0,3.424],[-3.424,0],[0,-3.424],[3.424,0]],"v":[[6.2,0],[0,6.2],[-6.2,0],[0,-6.2]],"c":true},"ix":2},"nm":"Path 1","mn":"ADBE Vector Shape - Group","hd":false},{"ty":"fl","c":{"a":1,"k":[{"i":{"x":[0.833],"y":[0.833]},"o":{"x":[0.167],"y":[0.167]},"t":60,"s":[0.65098041296,0.686274528503,0.686274528503,1]},{"i":{"x":[0.833],"y":[0.833]},"o":{"x":[0.167],"y":[0.167]},"t":130,"s":[0.396078437567,0.733333349228,0.733333349228,1]},{"i":{"x":[0.833],"y":[0.833]},"o":{"x":[0.167],"y":[0.167]},"t":240,"s":[0.396078437567,0.733333349228,0.733333349228,1]},{"i":{"x":[0.833],"y":[0.833]},"o":{"x":[0.167],"y":[0.167]},"t":310,"s":[0.180392161012,0.701960802078,0.352941185236,1]},{"i":{"x":[0.833],"y":[0.833]},"o":{"x":[0.167],"y":[0.167]},"t":455,"s":[0.180392161012,0.701960802078,0.352941185236,1]},{"t":491,"s":[0.65098041296,0.686274528503,0.686274528503,1]}],"ix":4},"o":{"a":0,"k":100,"ix":5},"r":1,"bm":0,"nm":"Fill 1","mn":"ADBE Vector Graphic - Fill","hd":false},{"ty":"tr","p":{"a":0,"k":[0,0],"ix":2},"a":{"a":0,"k":[0,0],"ix":1},"s":{"a":0,"k":[300,300],"ix":3},"r":{"a":0,"k":0,"ix":6},"o":{"a":0,"k":100,"ix":7},"sk":{"a":0,"k":0,"ix":4},"sa":{"a":0,"k":0,"ix":5},"nm":"Transform"}],"nm":"Vector","np":2,"cix":2,"bm":0,"ix":1,"mn":"ADBE Vector Group","hd":false}],"ip":0,"op":600,"st":0,"bm":0},{"ddd":0,"ind":8,"ty":4,"nm":"Circle line","parent":9,"sr":1,"ks":{"o":{"a":0,"k":64,"ix":11},"r":{"a":0,"k":0,"ix":10},"p":{"a":0,"k":[0,0,0],"ix":2},"a":{"a":0,"k":[0,0,0],"ix":1},"s":{"a":0,"k":[100,100,100],"ix":6}},"ao":0,"ef":[{"ty":25,"nm":"Drop Shadow","np":8,"mn":"ADBE Drop Shadow","ix":1,"en":1,"ef":[{"ty":2,"nm":"Shadow Color","mn":"ADBE Drop Shadow-0001","ix":1,"v":{"a":0,"k":[0.192156866193,0.207843139768,0.23137255013,1],"ix":1}},{"ty":0,"nm":"Opacity","mn":"ADBE Drop Shadow-0002","ix":2,"v":{"a":0,"k":40.75,"ix":2}},{"ty":0,"nm":"Direction","mn":"ADBE Drop Shadow-0003","ix":3,"v":{"a":0,"k":180,"ix":3}},{"ty":0,"nm":"Distance","mn":"ADBE Drop Shadow-0004","ix":4,"v":{"a":0,"k":6,"ix":4}},{"ty":0,"nm":"Softness","mn":"ADBE Drop Shadow-0005","ix":5,"v":{"a":0,"k":32,"ix":5}},{"ty":7,"nm":"Shadow Only","mn":"ADBE Drop Shadow-0006","ix":6,"v":{"a":0,"k":0,"ix":6}}]}],"shapes":[{"ty":"gr","it":[{"ind":0,"ty":"sh","ix":1,"ks":{"a":0,"k":{"i":[[0,-6.848],[6.848,0],[0,6.848],[-6.848,0]],"o":[[0,6.848],[-6.848,0],[0,-6.848],[6.848,0]],"v":[[12.4,0],[0,12.4],[-12.4,0],[0,-12.4]],"c":true},"ix":2},"nm":"Path 1","mn":"ADBE Vector Shape - Group","hd":false},{"ty":"tr","p":{"a":0,"k":[0,0],"ix":2},"a":{"a":0,"k":[0,0],"ix":1},"s":{"a":0,"k":[300,300],"ix":3},"r":{"a":0,"k":0,"ix":6},"o":{"a":0,"k":100,"ix":7},"sk":{"a":0,"k":0,"ix":4},"sa":{"a":0,"k":0,"ix":5},"nm":"Transform"}],"nm":"Vector","np":2,"cix":2,"bm":0,"ix":1,"mn":"ADBE Vector Group","hd":false},{"ty":"st","c":{"a":0,"k":[1,1,1,1],"ix":3},"o":{"a":0,"k":100,"ix":4},"w":{"a":0,"k":4,"ix":5},"lc":1,"lj":1,"ml":4,"bm":0,"nm":"Stroke 1","mn":"ADBE Vector Graphic - Stroke","hd":false}],"ip":0,"op":600,"st":0,"bm":0},{"ddd":0,"ind":9,"ty":4,"nm":"Circle large Parent","sr":1,"ks":{"o":{"a":0,"k":64,"ix":11},"r":{"a":0,"k":0,"ix":10},"p":{"a":1,"k":[{"i":{"x":0.667,"y":0.667},"o":{"x":0.92,"y":0.92},"t":60,"s":[404.767,264.9,0],"to":[0,0,0],"ti":[0,0,0]},{"i":{"x":0.105,"y":1},"o":{"x":0.92,"y":0},"t":80,"s":[404.767,264.9,0],"to":[31.667,0,0],"ti":[-31.667,0,0]},{"i":{"x":0.105,"y":0.105},"o":{"x":0.333,"y":0.333},"t":110,"s":[594.767,264.9,0],"to":[0,0,0],"ti":[0,0,0]},{"i":{"x":0.105,"y":0.105},"o":{"x":0.167,"y":0.167},"t":130,"s":[594.767,264.9,0],"to":[0,0,0],"ti":[0,0,0]},{"i":{"x":0.196,"y":0.196},"o":{"x":0.167,"y":0.167},"t":240,"s":[594.767,264.9,0],"to":[0,0,0],"ti":[0,0,0]},{"i":{"x":0.165,"y":1},"o":{"x":0.791,"y":0},"t":260,"s":[594.767,264.9,0],"to":[36.667,0,0],"ti":[-36.667,0,0]},{"i":{"x":0.105,"y":0.105},"o":{"x":1,"y":1},"t":290,"s":[814.767,264.9,0],"to":[0,0,0],"ti":[0,0,0]},{"i":{"x":0.105,"y":0.105},"o":{"x":0.167,"y":0.167},"t":310,"s":[814.767,264.9,0],"to":[0,0,0],"ti":[0,0,0]},{"i":{"x":0.105,"y":1},"o":{"x":0.699,"y":0},"t":455,"s":[814.767,264.9,0],"to":[-68.167,0,0],"ti":[68.167,0,0]},{"t":491,"s":[405.767,264.9,0]}],"ix":2},"a":{"a":0,"k":[0,0,0],"ix":1},"s":{"a":1,"k":[{"i":{"x":[0.667,0.667,0.667],"y":[1,1,1]},"o":{"x":[0.333,0.333,0.333],"y":[0,0,0]},"t":40,"s":[80,80,100]},{"i":{"x":[0.667,0.667,0.667],"y":[1,1,1]},"o":{"x":[0.333,0.333,0.333],"y":[0,0,0]},"t":90,"s":[120,120,100]},{"i":{"x":[0.667,0.667,0.667],"y":[1,1,1]},"o":{"x":[0.333,0.333,0.333],"y":[0,0,0]},"t":100,"s":[120,120,100]},{"i":{"x":[0.667,0.667,0.667],"y":[1,1,1]},"o":{"x":[0.333,0.333,0.333],"y":[0,0,0]},"t":150,"s":[80,80,100]},{"i":{"x":[0.667,0.667,0.667],"y":[1,1,1]},"o":{"x":[0.333,0.333,0.333],"y":[0,0,0]},"t":220,"s":[80,80,100]},{"i":{"x":[0.667,0.667,0.667],"y":[1,1,1]},"o":{"x":[0.333,0.333,0.333],"y":[0,0,0]},"t":270,"s":[120,120,100]},{"i":{"x":[0.667,0.667,0.667],"y":[1,1,1]},"o":{"x":[0.333,0.333,0.333],"y":[0,0,0]},"t":280,"s":[120,120,100]},{"i":{"x":[0.667,0.667,0.667],"y":[1,1,1]},"o":{"x":[0.333,0.333,0.333],"y":[0,0,0]},"t":330,"s":[80,80,100]},{"i":{"x":[0.833,0.833,0.833],"y":[1,1,1]},"o":{"x":[0.167,0.167,0.167],"y":[0,0,0]},"t":442,"s":[80,80,100]},{"i":{"x":[0.833,0.833,0.833],"y":[1,1,1]},"o":{"x":[0.167,0.167,0.167],"y":[0,0,0]},"t":455,"s":[120,120,100]},{"i":{"x":[0.667,0.667,0.667],"y":[1,1,1]},"o":{"x":[0.167,0.167,0.167],"y":[0,0,0]},"t":491,"s":[120,120,100]},{"t":504,"s":[80,80,100]}],"ix":6}},"ao":0,"ef":[{"ty":25,"nm":"Drop Shadow","np":8,"mn":"ADBE Drop Shadow","ix":1,"en":1,"ef":[{"ty":2,"nm":"Shadow Color","mn":"ADBE Drop Shadow-0001","ix":1,"v":{"a":0,"k":[0.192156866193,0.207843139768,0.23137255013,1],"ix":1}},{"ty":0,"nm":"Opacity","mn":"ADBE Drop Shadow-0002","ix":2,"v":{"a":0,"k":40.75,"ix":2}},{"ty":0,"nm":"Direction","mn":"ADBE Drop Shadow-0003","ix":3,"v":{"a":0,"k":180,"ix":3}},{"ty":0,"nm":"Distance","mn":"ADBE Drop Shadow-0004","ix":4,"v":{"a":0,"k":6,"ix":4}},{"ty":0,"nm":"Softness","mn":"ADBE Drop Shadow-0005","ix":5,"v":{"a":0,"k":32,"ix":5}},{"ty":7,"nm":"Shadow Only","mn":"ADBE Drop Shadow-0006","ix":6,"v":{"a":0,"k":0,"ix":6}}]}],"shapes":[{"ty":"gr","it":[{"ind":0,"ty":"sh","ix":1,"ks":{"a":0,"k":{"i":[[0,-6.848],[6.848,0],[0,6.848],[-6.848,0]],"o":[[0,6.848],[-6.848,0],[0,-6.848],[6.848,0]],"v":[[12.4,0],[0,12.4],[-12.4,0],[0,-12.4]],"c":true},"ix":2},"nm":"Path 1","mn":"ADBE Vector Shape - Group","hd":false},{"ty":"fl","c":{"a":0,"k":[1,1,1,1],"ix":4},"o":{"a":0,"k":100,"ix":5},"r":1,"bm":0,"nm":"Fill 1","mn":"ADBE Vector Graphic - Fill","hd":false},{"ty":"tr","p":{"a":0,"k":[0,0],"ix":2},"a":{"a":0,"k":[0,0],"ix":1},"s":{"a":0,"k":[300,300],"ix":3},"r":{"a":0,"k":0,"ix":6},"o":{"a":0,"k":100,"ix":7},"sk":{"a":0,"k":0,"ix":4},"sa":{"a":0,"k":0,"ix":5},"nm":"Transform"}],"nm":"Vector","np":2,"cix":2,"bm":0,"ix":1,"mn":"ADBE Vector Group","hd":false}],"ip":0,"op":600,"st":0,"bm":0},{"ddd":0,"ind":10,"ty":4,"nm":"Bar 2","sr":1,"ks":{"o":{"a":0,"k":80,"ix":11},"r":{"a":0,"k":0,"ix":10},"p":{"a":0,"k":[397.275,264.9,0],"ix":2},"a":{"a":0,"k":[-352.875,0,0],"ix":1},"s":{"a":1,"k":[{"i":{"x":[0.202,0.667,0.667],"y":[1,1,1]},"o":{"x":[0.793,0.333,0.333],"y":[0,0,0]},"t":80,"s":[0,100,100]},{"i":{"x":[0.619,0.839,0.833],"y":[1,1,1]},"o":{"x":[0.333,0.333,0.333],"y":[0,0,0]},"t":110,"s":[28,100,100]},{"i":{"x":[0.165,0.862,0.833],"y":[1,1,1]},"o":{"x":[0.778,0.985,0.167],"y":[0,0,0]},"t":260,"s":[28,100,100]},{"i":{"x":[0.055,0.862,0.833],"y":[1,1,1]},"o":{"x":[0.167,0.167,0.167],"y":[0,0,0]},"t":290,"s":[59,100,100]},{"i":{"x":[0.328,0.833,0.833],"y":[1,1,1]},"o":{"x":[0.648,0.167,0.167],"y":[-0.136,0,0]},"t":455,"s":[59,100,100]},{"t":491,"s":[0,100,100]}],"ix":6}},"ao":0,"shapes":[{"ty":"gr","it":[{"ind":0,"ty":"sh","ix":1,"ks":{"a":0,"k":{"i":[[1.7,0],[0,0],[0,-1.7],[-1.7,0],[0,0],[0,1.7]],"o":[[0,0],[-1.8,0],[0,1.7],[0,0],[1.7,0],[0,-1.7]],"v":[[114.55,-3.1],[-114.55,-3.1],[-117.65,0],[-114.55,3.1],[114.55,3.1],[117.65,0]],"c":true},"ix":2},"nm":"Path 1","mn":"ADBE Vector Shape - Group","hd":false},{"ty":"fl","c":{"a":1,"k":[{"i":{"x":[0.833],"y":[0.833]},"o":{"x":[0.167],"y":[0.167]},"t":240,"s":[0.054901961237,0.819607853889,0.819607853889,1]},{"i":{"x":[0.833],"y":[0.833]},"o":{"x":[0.167],"y":[0.167]},"t":310,"s":[0.180392161012,0.701960802078,0.352941185236,1]},{"i":{"x":[0.833],"y":[0.833]},"o":{"x":[0.167],"y":[0.167]},"t":455,"s":[0.180392161012,0.701960802078,0.352941185236,1]},{"t":491,"s":[0.054901961237,0.819607853889,0.819607853889,1]}],"ix":4},"o":{"a":0,"k":100,"ix":5},"r":1,"bm":0,"nm":"Fill 1","mn":"ADBE Vector Graphic - Fill","hd":false},{"ty":"tr","p":{"a":0,"k":[0,0],"ix":2},"a":{"a":0,"k":[0,0],"ix":1},"s":{"a":0,"k":[300,300],"ix":3},"r":{"a":0,"k":0,"ix":6},"o":{"a":0,"k":100,"ix":7},"sk":{"a":0,"k":0,"ix":4},"sa":{"a":0,"k":0,"ix":5},"nm":"Transform"}],"nm":"Vector","np":2,"cix":2,"bm":0,"ix":1,"mn":"ADBE Vector Group","hd":false}],"ip":0,"op":600,"st":0,"bm":0},{"ddd":0,"ind":11,"ty":4,"nm":"Bar BG","sr":1,"ks":{"o":{"a":0,"k":40,"ix":11},"r":{"a":0,"k":0,"ix":10},"p":{"a":0,"k":[750.15,264.9,0],"ix":2},"a":{"a":0,"k":[0,0,0],"ix":1},"s":{"a":0,"k":[100,100,100],"ix":6}},"ao":0,"shapes":[{"ty":"gr","it":[{"ind":0,"ty":"sh","ix":1,"ks":{"a":0,"k":{"i":[[1.7,0],[0,0],[0,-1.7],[-1.7,0],[0,0],[0,1.7]],"o":[[0,0],[-1.8,0],[0,1.7],[0,0],[1.7,0],[0,-1.7]],"v":[[114.55,-3.1],[-114.55,-3.1],[-117.65,0],[-114.55,3.1],[114.55,3.1],[117.65,0]],"c":true},"ix":2},"nm":"Path 1","mn":"ADBE Vector Shape - Group","hd":false},{"ty":"fl","c":{"a":0,"k":[0.803921568627,0.811764705882,0.819607843137,1],"ix":4},"o":{"a":0,"k":100,"ix":5},"r":1,"bm":0,"nm":"Fill 1","mn":"ADBE Vector Graphic - Fill","hd":false},{"ty":"tr","p":{"a":0,"k":[0,0],"ix":2},"a":{"a":0,"k":[0,0],"ix":1},"s":{"a":0,"k":[300,300],"ix":3},"r":{"a":0,"k":0,"ix":6},"o":{"a":0,"k":100,"ix":7},"sk":{"a":0,"k":0,"ix":4},"sa":{"a":0,"k":0,"ix":5},"nm":"Transform"}],"nm":"Vector","np":2,"cix":2,"bm":0,"ix":1,"mn":"ADBE Vector Group","hd":false}],"ip":0,"op":600,"st":0,"bm":0},{"ddd":0,"ind":12,"ty":5,"nm":"Rp25.000","cl":"000","sr":1,"ks":{"o":{"a":1,"k":[{"i":{"x":[0.667],"y":[1]},"o":{"x":[0.333],"y":[0]},"t":70,"s":[100]},{"i":{"x":[0.833],"y":[1]},"o":{"x":[0.167],"y":[0]},"t":100,"s":[0]},{"i":{"x":[0.667],"y":[1]},"o":{"x":[0.333],"y":[0]},"t":480,"s":[0]},{"t":509,"s":[100]}],"ix":11},"r":{"a":0,"k":0,"ix":10},"p":{"a":0,"k":[999,148.172,0],"ix":2},"a":{"a":0,"k":[-5.083,-5.417,0],"ix":1},"s":{"a":1,"k":[{"i":{"x":[0.166,0.166,0.667],"y":[1,1,1]},"o":{"x":[0.333,0.333,0.333],"y":[0,0,0]},"t":61,"s":[450,450,100]},{"i":{"x":[0.327,0.327,0.667],"y":[1,1,1]},"o":{"x":[0.665,0.665,0.333],"y":[0,0,0]},"t":115,"s":[520,520,100]},{"i":{"x":[0.833,0.833,0.833],"y":[1,1,1]},"o":{"x":[0.167,0.167,0.167],"y":[0,0,0]},"t":160,"s":[450,450,100]},{"i":{"x":[0.166,0.166,0.667],"y":[1,1,1]},"o":{"x":[0.333,0.333,0.333],"y":[0,0,0]},"t":455,"s":[450,450,100]},{"i":{"x":[0.327,0.327,0.667],"y":[1,1,1]},"o":{"x":[0.665,0.665,0.333],"y":[0,0,0]},"t":509,"s":[520,520,100]},{"t":554,"s":[450,450,100]}],"ix":6}},"ao":0,"t":{"d":{"k":[{"s":{"sz":[56.0999984741211,18],"ps":[-28.0499992370605,-9],"s":10,"f":"NunitoSans-ExtraBold","t":"Rp25.000","j":0,"tr":0,"lh":12,"ls":0,"fc":[0.813,0.812,0.848]},"t":0}]},"p":{},"m":{"g":1,"a":{"a":0,"k":[0,0],"ix":2}},"a":[]},"ip":0,"op":600,"st":0,"bm":0},{"ddd":0,"ind":13,"ty":5,"nm":"Rp35.000","cl":"000","sr":1,"ks":{"o":{"a":1,"k":[{"i":{"x":[0.667],"y":[1]},"o":{"x":[0.333],"y":[0]},"t":86,"s":[0]},{"i":{"x":[0.667],"y":[1]},"o":{"x":[0.333],"y":[0]},"t":115,"s":[100]},{"i":{"x":[0.667],"y":[1]},"o":{"x":[0.333],"y":[0]},"t":284,"s":[100]},{"t":315,"s":[0]}],"ix":11},"r":{"a":0,"k":0,"ix":10},"p":{"a":0,"k":[999,148.172,0],"ix":2},"a":{"a":0,"k":[-5.083,-5.417,0],"ix":1},"s":{"a":1,"k":[{"i":{"x":[0.166,0.166,0.667],"y":[1,1,1]},"o":{"x":[0.333,0.333,0.333],"y":[0,0,0]},"t":61,"s":[450,450,100]},{"i":{"x":[0.327,0.327,0.667],"y":[1,1,1]},"o":{"x":[0.665,0.665,0.333],"y":[0,0,0]},"t":115,"s":[520,520,100]},{"i":{"x":[0.327,0.327,0.667],"y":[1,1,1]},"o":{"x":[0.333,0.333,0.333],"y":[0,0,0]},"t":160,"s":[450,450,100]},{"i":{"x":[0.166,0.166,0.667],"y":[1,1,1]},"o":{"x":[0.333,0.333,0.333],"y":[0,0,0]},"t":275,"s":[450,450,100]},{"i":{"x":[0.327,0.327,0.667],"y":[1,1,1]},"o":{"x":[0.665,0.665,0.333],"y":[0,0,0]},"t":329,"s":[520,520,100]},{"t":374,"s":[450,450,100]}],"ix":6}},"ao":0,"t":{"d":{"k":[{"s":{"sz":[56.0999984741211,18],"ps":[-28.0499992370605,-9],"s":10,"f":"NunitoSans-ExtraBold","t":"Rp35.000","j":0,"tr":0,"lh":12,"ls":0,"fc":[0.396,0.733,0.733]},"t":0}]},"p":{},"m":{"g":1,"a":{"a":0,"k":[0,0],"ix":2}},"a":[]},"ip":0,"op":600,"st":0,"bm":0},{"ddd":0,"ind":14,"ty":5,"nm":"Rp50.000","cl":"000","sr":1,"ks":{"o":{"a":1,"k":[{"i":{"x":[0.667],"y":[1]},"o":{"x":[0.333],"y":[0]},"t":300,"s":[0]},{"i":{"x":[0.833],"y":[1]},"o":{"x":[0.167],"y":[0]},"t":329,"s":[100]},{"i":{"x":[0.667],"y":[1]},"o":{"x":[0.333],"y":[0]},"t":480,"s":[100]},{"t":509,"s":[0]}],"ix":11},"r":{"a":0,"k":0,"ix":10},"p":{"a":0,"k":[999,148.172,0],"ix":2},"a":{"a":0,"k":[-5.083,-5.417,0],"ix":1},"s":{"a":1,"k":[{"i":{"x":[0.166,0.166,0.667],"y":[1,1,1]},"o":{"x":[0.333,0.333,0.333],"y":[0,0,0]},"t":275,"s":[450,450,100]},{"i":{"x":[0.327,0.327,0.667],"y":[1,1,1]},"o":{"x":[0.665,0.665,0.333],"y":[0,0,0]},"t":329,"s":[520,520,100]},{"i":{"x":[0.833,0.833,0.833],"y":[1,1,1]},"o":{"x":[0.167,0.167,0.167],"y":[0,0,0]},"t":374,"s":[450,450,100]},{"i":{"x":[0.166,0.166,0.667],"y":[1,1,1]},"o":{"x":[0.333,0.333,0.333],"y":[0,0,0]},"t":455,"s":[450,450,100]},{"i":{"x":[0.327,0.327,0.667],"y":[1,1,1]},"o":{"x":[0.665,0.665,0.333],"y":[0,0,0]},"t":509,"s":[520,520,100]},{"t":554,"s":[450,450,100]}],"ix":6}},"ao":0,"t":{"d":{"k":[{"s":{"sz":[56.0999984741211,18],"ps":[-28.0499992370605,-9],"s":10,"f":"NunitoSans-ExtraBold","t":"Rp50.000","j":0,"tr":0,"lh":12,"ls":0,"fc":[0.012,0.675,0.055]},"t":0}]},"p":{},"m":{"g":1,"a":{"a":0,"k":[0,0],"ix":2}},"a":[]},"ip":0,"op":600,"st":0,"bm":0},{"ddd":0,"ind":15,"ty":4,"nm":"Info 2","sr":1,"ks":{"o":{"a":0,"k":100,"ix":11},"r":{"a":0,"k":0,"ix":10},"p":{"a":0,"k":[451.499,385.167,0],"ix":2},"a":{"a":0,"k":[0,0,0],"ix":1},"s":{"a":0,"k":[154.167,154.167,100],"ix":6}},"ao":0,"shapes":[{"ty":"gr","it":[{"ind":0,"ty":"sh","ix":1,"ks":{"a":0,"k":{"i":[[2.762,0],[0,-2.762],[-2.762,0],[0,2.761]],"o":[[-2.762,0],[0,2.761],[2.762,0],[0,-2.762]],"v":[[0,-5],[-5,0],[0,5],[5,0]],"c":true},"ix":2},"nm":"Path 1","mn":"ADBE Vector Shape - Group","hd":false},{"ind":1,"ty":"sh","ix":2,"ks":{"a":0,"k":{"i":[[-0.423,0],[-0.129,0.145],[0,0.204],[0.413,0],[0,-0.43]],"o":[[0.227,0],[0.125,-0.139],[0,-0.413],[-0.428,0],[0,0.419]],"v":[[0,-1.775],[0.54,-1.986],[0.725,-2.506],[0,-3.225],[-0.725,-2.506]],"c":true},"ix":2},"nm":"Path 2","mn":"ADBE Vector Shape - Group","hd":false},{"ind":2,"ty":"sh","ix":3,"ks":{"a":0,"k":{"i":[[0,0],[-0.69,0],[0,0],[0,0]],"o":[[0,0.691],[0,0],[0,0],[0,0]],"v":[[-0.625,1.75],[0.625,3],[0.625,-1],[-0.625,-1]],"c":true},"ix":2},"nm":"Path 3","mn":"ADBE Vector Shape - Group","hd":false},{"ty":"mm","mm":5,"nm":"Merge Paths 1","mn":"ADBE Vector Filter - Merge","hd":false},{"ty":"fl","c":{"a":1,"k":[{"i":{"x":[0.667],"y":[1]},"o":{"x":[0.333],"y":[0]},"t":45,"s":[0.650973021984,0.686111629009,0.688219964504,1]},{"i":{"x":[0.667],"y":[1]},"o":{"x":[0.333],"y":[0]},"t":120,"s":[0.690196096897,0.886274516582,0.898039221764,1]},{"i":{"x":[0.667],"y":[1]},"o":{"x":[0.333],"y":[0]},"t":265,"s":[0.690196096897,0.886274516582,0.898039221764,1]},{"i":{"x":[0.667],"y":[1]},"o":{"x":[0.167],"y":[0]},"t":348,"s":[0.509803950787,0.937254905701,0.584313750267,1]},{"i":{"x":[0.667],"y":[1]},"o":{"x":[0.167],"y":[0]},"t":455,"s":[0.509803950787,0.937254905701,0.584313750267,1]},{"t":491,"s":[0.650973021984,0.686111629009,0.688219964504,1]}],"ix":4},"o":{"a":0,"k":100,"ix":5},"r":1,"bm":0,"nm":"Fill 1","mn":"ADBE Vector Graphic - Fill","hd":false},{"ty":"tr","p":{"a":0,"k":[0,0],"ix":2},"a":{"a":0,"k":[0,0],"ix":1},"s":{"a":0,"k":[300,300],"ix":3},"r":{"a":0,"k":0,"ix":6},"o":{"a":0,"k":100,"ix":7},"sk":{"a":0,"k":0,"ix":4},"sa":{"a":0,"k":0,"ix":5},"nm":"Transform"}],"nm":"Mask","np":5,"cix":2,"bm":0,"ix":1,"mn":"ADBE Vector Group","hd":false}],"ip":0,"op":600,"st":0,"bm":0},{"ddd":0,"ind":16,"ty":4,"nm":"Text: Potensi Klik","sr":1,"ks":{"o":{"a":0,"k":100,"ix":11},"r":{"a":0,"k":0,"ix":10},"p":{"a":0,"k":[626.45,385.167,0],"ix":2},"a":{"a":0,"k":[0,0,0],"ix":1},"s":{"a":0,"k":[100,100,100],"ix":6}},"ao":0,"shapes":[{"ty":"gr","it":[{"ind":0,"ty":"sh","ix":1,"ks":{"a":0,"k":{"i":[[1.2,0],[0,0],[0,0],[0,0],[0,0],[0,0],[-0.7,0.6],[0,1.1],[0.7,0.6]],"o":[[0,0],[0,0],[0,0],[0,0],[0,0],[1.2,0],[0.7,-0.6],[0,-1.1],[-0.7,-0.6]],"v":[[-36.65,-5.4],[-41.65,-5.4],[-41.65,5.5],[-39.25,5.5],[-39.25,1.4],[-36.65,1.4],[-33.85,0.5],[-32.85,-2],[-33.85,-4.5]],"c":true},"ix":2},"nm":"Path 1","mn":"ADBE Vector Shape - Group","hd":false},{"ind":1,"ty":"sh","ix":2,"ks":{"a":0,"k":{"i":[[0,-0.5],[1.2,0],[0,0],[0,0],[0,0],[0,0],[-0.3,-0.3]],"o":[[0,1.1],[0,0],[0,0],[0,0],[0,0],[0.6,0],[0.3,0.3]],"v":[[-35.15,-2],[-36.95,-0.4],[-36.95,-0.5],[-39.25,-0.5],[-39.25,-3.6],[-36.95,-3.6],[-35.55,-3.2]],"c":true},"ix":2},"nm":"Path 2","mn":"ADBE Vector Shape - Group","hd":false},{"ind":2,"ty":"sh","ix":3,"ks":{"a":0,"k":{"i":[[-0.6,-0.3],[-0.8,0],[-0.6,0.4],[-0.3,0.6],[0,0.8],[0.3,0.6],[0.6,0.3],[0.8,0],[0.6,-0.3],[0.3,-0.6],[0,-0.8],[-0.3,-0.6]],"o":[[0.6,0.3],[0.8,0],[0.6,-0.4],[0.3,-0.6],[0,-0.8],[-0.3,-0.6],[-0.6,-0.3],[-0.8,0],[-0.6,0.3],[-0.3,0.6],[0,0.8],[0.3,0.6]],"v":[[-30.25,5.1],[-28.15,5.6],[-26.05,5.1],[-24.65,3.7],[-24.15,1.6],[-24.65,-0.5],[-26.05,-1.9],[-28.15,-2.4],[-30.25,-1.9],[-31.65,-0.5],[-32.15,1.6],[-31.65,3.7]],"c":true},"ix":2},"nm":"Path 3","mn":"ADBE Vector Shape - Group","hd":false},{"ind":3,"ty":"sh","ix":4,"ks":{"a":0,"k":{"i":[[0,-0.7],[1.1,0],[0,1.3],[-1.1,0],[-0.3,-0.4]],"o":[[0,1.5],[-1.1,0],[0,-1.5],[0.6,0],[0.3,0.3]],"v":[[-26.45,1.7],[-28.15,3.9],[-29.85,1.8],[-28.15,-0.4],[-26.85,0.1]],"c":true},"ix":2},"nm":"Path 4","mn":"ADBE Vector Shape - Group","hd":false},{"ind":4,"ty":"sh","ix":5,"ks":{"a":0,"k":{"i":[[0,0],[0.2,0],[0,0.9],[0,0],[0,0],[0,0],[0,0],[0,0],[0,0],[0,0],[0,0],[0,0],[0,0],[0,0],[-0.5,-0.5],[-1.2,0],[-0.3,0]],"o":[[-0.2,0],[-0.9,0],[0,0],[0,0],[0,0],[0,0],[0,0],[0,0],[0,0],[0,0],[0,0],[0,0],[0,0],[0,1],[0.5,0.5],[0.3,0],[0,0]],"v":[[-17.85,3.9],[-18.55,3.9],[-19.85,2.6],[-19.85,-0.3],[-17.95,-0.3],[-17.95,-2],[-19.85,-2],[-19.85,-4.2],[-22.15,-4.2],[-22.15,-2],[-23.55,-2],[-23.55,-0.3],[-22.15,-0.3],[-22.15,2.6],[-21.35,4.9],[-18.85,5.7],[-17.95,5.6]],"c":true},"ix":2},"nm":"Path 5","mn":"ADBE Vector Shape - Group","hd":false},{"ind":5,"ty":"sh","ix":6,"ks":{"a":0,"k":{"i":[[0.1,0.6],[0,0],[0,0],[0,0],[0.6,0.7],[1.1,0],[0.6,-0.3],[0.3,-0.6],[0,-0.8],[-0.7,-0.7],[-1.3,0],[-0.5,0.2],[-0.4,0.3],[0,0],[0.4,-0.1],[0.4,0],[0.3,0.3]],"o":[[0,0],[0,0],[0,0],[0,-1.2],[-0.6,-0.7],[-0.7,0],[-0.5,0.3],[-0.3,0.6],[0,1.2],[0.7,0.7],[0.5,0],[0.6,-0.2],[0,0],[-0.4,0.3],[-0.4,0.1],[-0.6,0],[-0.3,-0.2]],"v":[[-14.95,2.2],[-9.95,2.2],[-10.05,2.2],[-10.05,1.4],[-10.95,-1.4],[-13.45,-2.4],[-15.35,-1.9],[-16.65,-0.5],[-17.15,1.6],[-16.05,4.5],[-13.05,5.6],[-11.45,5.4],[-10.05,4.7],[-10.65,3.1],[-11.75,3.7],[-12.95,3.9],[-14.35,3.5]],"c":true},"ix":2},"nm":"Path 6","mn":"ADBE Vector Shape - Group","hd":false},{"ind":6,"ty":"sh","ix":7,"ks":{"a":0,"k":{"i":[[-0.3,0.3],[-0.4,0],[-0.2,-0.2],[0,-0.5],[0,0]],"o":[[0.3,-0.3],[0.4,0],[0.2,0.2],[0,0],[0.1,-0.5]],"v":[[-14.45,-0.3],[-13.35,-0.7],[-12.35,-0.3],[-11.95,0.9],[-14.95,0.9]],"c":true},"ix":2},"nm":"Path 7","mn":"ADBE Vector Shape - Group","hd":false},{"ind":7,"ty":"sh","ix":8,"ks":{"a":0,"k":{"i":[[0.4,0.5],[0.9,0],[0.4,-0.3],[0.3,-0.4],[0,0],[0,0],[0,0],[0,0],[0,0],[-0.3,0.3],[-0.5,0],[-0.2,-0.2],[0,-0.5],[0,0],[0,0],[0,0]],"o":[[-0.4,-0.5],[-0.6,0],[-0.4,0.2],[0,0],[0,0],[0,0],[0,0],[0,0],[0,-0.5],[0.3,-0.3],[0.4,0],[0.2,0.2],[0,0],[0,0],[0,0],[0,-1.1]],"v":[[-1.75,-1.5],[-3.75,-2.3],[-5.15,-1.9],[-6.15,-1],[-6.15,-2.1],[-8.45,-2.1],[-8.45,5.5],[-6.15,5.5],[-6.15,1.2],[-5.75,0],[-4.55,-0.5],[-3.65,-0.1],[-3.35,1],[-3.35,5.5],[-1.05,5.5],[-1.05,0.9]],"c":true},"ix":2},"nm":"Path 8","mn":"ADBE Vector Shape - Group","hd":false},{"ind":8,"ty":"sh","ix":9,"ks":{"a":0,"k":{"i":[[-0.6,-0.2],[-0.7,0],[-0.5,0.6],[0,0.7],[0.4,0.4],[0.8,0.2],[0,0],[0.1,0.1],[0,0.2],[-0.2,0.1],[-0.4,0],[-0.8,-0.6],[0,0],[0.5,0.2],[0.5,0],[0.5,-0.2],[0.3,-0.4],[0,-0.5],[-0.3,-0.4],[-0.7,-0.2],[0,0],[-0.1,-0.1],[0,-0.2],[0.2,-0.1],[0.4,0],[0.5,0.2],[0.4,0.3],[0,0]],"o":[[0.6,0.1],[1.1,0],[0.6,-0.4],[0,-0.6],[-0.4,-0.4],[0,0],[-0.3,-0.1],[-0.1,-0.1],[0,-0.2],[0.3,-0.1],[0.8,0],[0,0],[-0.4,-0.3],[-0.5,-0.1],[-0.6,0],[-0.5,0.3],[-0.3,0.4],[0,0.6],[0.3,0.4],[0,0],[0.4,0.1],[0.1,0.1],[0,0.2],[-0.2,0.1],[-0.5,0],[-0.5,-0.2],[0,0],[0.4,0.3]],"v":[[1.65,5.4],[3.55,5.6],[5.95,4.8],[6.85,3.1],[6.35,1.7],[4.65,0.9],[3.35,0.6],[2.75,0.3],[2.55,-0.1],[2.85,-0.6],[3.75,-0.8],[6.15,0],[6.75,-1.5],[5.35,-2.2],[3.75,-2.4],[2.05,-2.1],[0.85,-1.2],[0.45,0.1],[0.95,1.5],[2.55,2.3],[3.75,2.6],[4.55,2.9],[4.75,3.3],[4.45,3.8],[3.65,4],[2.15,3.8],[0.75,3.1],[0.15,4.7]],"c":true},"ix":2},"nm":"Path 9","mn":"ADBE Vector Shape - Group","hd":false},{"ind":9,"ty":"sh","ix":10,"ks":{"a":0,"k":{"i":[[0,0],[0,0],[0,0],[0,0]],"o":[[0,0],[0,0],[0,0],[0,0]],"v":[[8.25,-2.1],[8.25,5.5],[10.55,5.5],[10.55,-2.1]],"c":true},"ix":2},"nm":"Path 10","mn":"ADBE Vector Shape - Group","hd":false},{"ind":10,"ty":"sh","ix":11,"ks":{"a":0,"k":{"i":[[0,0],[0,0],[0,0],[0,0]],"o":[[0,0],[0,0],[0,0],[0,0]],"v":[[10.65,-5.7],[8.15,-5.7],[8.15,-3.5],[10.65,-3.5]],"c":true},"ix":2},"nm":"Path 11","mn":"ADBE Vector Shape - Group","hd":false},{"ind":11,"ty":"sh","ix":12,"ks":{"a":0,"k":{"i":[[0,0],[0,0],[0,0],[0,0],[0,0],[0,0],[0,0],[0,0],[0,0],[0,0],[0,0]],"o":[[0,0],[0,0],[0,0],[0,0],[0,0],[0,0],[0,0],[0,0],[0,0],[0,0],[0,0]],"v":[[21.85,5.5],[24.75,5.5],[21.35,1.6],[24.55,-2],[21.75,-2],[18.95,1.2],[18.95,-5.4],[16.65,-5.4],[16.65,5.5],[18.95,5.5],[18.95,2.1]],"c":true},"ix":2},"nm":"Path 12","mn":"ADBE Vector Shape - Group","hd":false},{"ind":12,"ty":"sh","ix":13,"ks":{"a":0,"k":{"i":[[0,0],[0,0],[0,0],[0,0]],"o":[[0,0],[0,0],[0,0],[0,0]],"v":[[25.25,-5.4],[25.25,5.5],[27.55,5.5],[27.55,-5.4]],"c":true},"ix":2},"nm":"Path 13","mn":"ADBE Vector Shape - Group","hd":false},{"ind":13,"ty":"sh","ix":14,"ks":{"a":0,"k":{"i":[[0,0],[0,0],[0,0],[0,0]],"o":[[0,0],[0,0],[0,0],[0,0]],"v":[[29.45,-2.1],[29.45,5.5],[31.75,5.5],[31.75,-2.1]],"c":true},"ix":2},"nm":"Path 14","mn":"ADBE Vector Shape - Group","hd":false},{"ind":14,"ty":"sh","ix":15,"ks":{"a":0,"k":{"i":[[0,0],[0,0],[0,0],[0,0]],"o":[[0,0],[0,0],[0,0],[0,0]],"v":[[31.85,-5.7],[29.35,-5.7],[29.35,-3.5],[31.85,-3.5]],"c":true},"ix":2},"nm":"Path 15","mn":"ADBE Vector Shape - Group","hd":false},{"ind":15,"ty":"sh","ix":16,"ks":{"a":0,"k":{"i":[[0,0],[0,0],[0,0],[0,0],[0,0],[0,0],[0,0],[0,0],[0,0],[0,0],[0,0]],"o":[[0,0],[0,0],[0,0],[0,0],[0,0],[0,0],[0,0],[0,0],[0,0],[0,0],[0,0]],"v":[[38.75,5.5],[41.65,5.5],[38.25,1.6],[41.45,-2],[38.65,-2],[35.85,1.2],[35.85,-5.4],[33.55,-5.4],[33.55,5.5],[35.85,5.5],[35.85,2.1]],"c":true},"ix":2},"nm":"Path 16","mn":"ADBE Vector Shape - Group","hd":false},{"ty":"mm","mm":5,"nm":"Merge Paths 1","mn":"ADBE Vector Filter - Merge","hd":false},{"ty":"fl","c":{"a":1,"k":[{"i":{"x":[0.667],"y":[1]},"o":{"x":[0.333],"y":[0]},"t":45,"s":[0.65098041296,0.686274528503,0.686274528503,1]},{"i":{"x":[0.667],"y":[1]},"o":{"x":[0.333],"y":[0]},"t":120,"s":[0.396078437567,0.733333349228,0.733333349228,1]},{"i":{"x":[0.667],"y":[1]},"o":{"x":[0.333],"y":[0]},"t":130,"s":[0.396078437567,0.733333349228,0.733333349228,1]},{"i":{"x":[0.667],"y":[1.973]},"o":{"x":[0.333],"y":[0]},"t":265,"s":[0.396078437567,0.733333349228,0.733333349228,1]},{"i":{"x":[0.667],"y":[1]},"o":{"x":[0.333],"y":[-1.058]},"t":310,"s":[0.179670206706,0.700209613875,0.351306571212,1]},{"i":{"x":[0.667],"y":[1]},"o":{"x":[0.333],"y":[0]},"t":348,"s":[0.011764706112,0.674509823322,0.054901961237,1]},{"i":{"x":[0.667],"y":[1]},"o":{"x":[0.333],"y":[0]},"t":455,"s":[0.011764706112,0.674509823322,0.054901961237,1]},{"t":491,"s":[0.65098041296,0.686274528503,0.686274528503,1]}],"ix":4},"o":{"a":0,"k":100,"ix":5},"r":1,"bm":0,"nm":"Fill 1","mn":"ADBE Vector Graphic - Fill","hd":false},{"ty":"tr","p":{"a":0,"k":[0,0],"ix":2},"a":{"a":0,"k":[0,0],"ix":1},"s":{"a":0,"k":[300,300],"ix":3},"r":{"a":0,"k":0,"ix":6},"o":{"a":0,"k":100,"ix":7},"sk":{"a":0,"k":0,"ix":4},"sa":{"a":0,"k":0,"ix":5},"nm":"Transform"}],"nm":"Vector","np":18,"cix":2,"bm":0,"ix":1,"mn":"ADBE Vector Group","hd":false}],"ip":0,"op":600,"st":0,"bm":0},{"ddd":0,"ind":17,"ty":4,"nm":"Background","sr":1,"ks":{"o":{"a":0,"k":100,"ix":11},"r":{"a":0,"k":0,"ix":10},"p":{"a":0,"k":[749.15,385.167,0],"ix":2},"a":{"a":0,"k":[0,0,0],"ix":1},"s":{"a":0,"k":[100,100,100],"ix":6}},"ao":0,"shapes":[{"ty":"gr","it":[{"ind":0,"ty":"sh","ix":1,"ks":{"a":0,"k":{"i":[[3.4,0],[0,0],[0,-3.4],[0,0],[-3.4,0],[0,0],[0,3.4],[0,0]],"o":[[0,0],[-3.5,0],[0,0],[0,3.4],[0,0],[3.4,0],[0,0],[0,-3.4]],"v":[[111.45,-15.5],[-111.45,-15.5],[-117.65,-9.3],[-117.65,9.3],[-111.45,15.5],[111.45,15.5],[117.65,9.3],[117.65,-9.3]],"c":true},"ix":2},"nm":"Path 1","mn":"ADBE Vector Shape - Group","hd":false},{"ty":"fl","c":{"a":1,"k":[{"i":{"x":[0.667],"y":[1]},"o":{"x":[0.333],"y":[0]},"t":45,"s":[0.96862745285,0.972549021244,0.976470589638,1]},{"i":{"x":[0.667],"y":[1]},"o":{"x":[0.333],"y":[0]},"t":120,"s":[0.921568632126,0.964705884457,0.964705884457,1]},{"i":{"x":[0.667],"y":[1]},"o":{"x":[0.333],"y":[0]},"t":265,"s":[0.921568632126,0.964705884457,0.964705884457,1]},{"i":{"x":[0.667],"y":[1]},"o":{"x":[0.333],"y":[0]},"t":348,"s":[0.839215695858,1,0.870588243008,1]},{"i":{"x":[0.667],"y":[1]},"o":{"x":[0.333],"y":[0]},"t":455,"s":[0.839215695858,1,0.870588243008,1]},{"t":491,"s":[0.96862745285,0.972549021244,0.976470589638,1]}],"ix":4},"o":{"a":0,"k":100,"ix":5},"r":1,"bm":0,"nm":"Fill 1","mn":"ADBE Vector Graphic - Fill","hd":false},{"ty":"tr","p":{"a":0,"k":[0,0],"ix":2},"a":{"a":0,"k":[0,0],"ix":1},"s":{"a":0,"k":[300,300],"ix":3},"r":{"a":0,"k":0,"ix":6},"o":{"a":0,"k":100,"ix":7},"sk":{"a":0,"k":0,"ix":4},"sa":{"a":0,"k":0,"ix":5},"nm":"Transform"}],"nm":"Vector","np":2,"cix":2,"bm":0,"ix":1,"mn":"ADBE Vector Group","hd":false}],"ip":0,"op":600,"st":0,"bm":0},{"ddd":0,"ind":18,"ty":4,"nm":"Shiny object 1","sr":1,"ks":{"o":{"a":0,"k":100,"ix":11},"r":{"a":0,"k":0,"ix":10},"p":{"a":0,"k":[257.481,162.609,0],"ix":2},"a":{"a":0,"k":[0,0,0],"ix":1},"s":{"a":0,"k":[100,100,100],"ix":6}},"ao":0,"shapes":[{"ty":"gr","it":[{"ind":0,"ty":"sh","ix":1,"ks":{"a":0,"k":{"i":[[0,0],[-0.2,-0.2],[0.6,-0.8],[0,0],[-0.1,-0.1],[0,0],[0.2,-0.2],[0.7,0.6],[0,0],[0.1,-0.1],[0,0],[0.2,0.1],[0.1,0.1],[-0.6,0.7],[0,0],[0.1,0.1],[0,0],[-0.2,0.2],[-0.6,-0.3],[-0.1,-0.1],[0,0],[-0.1,0.1]],"o":[[0.8,-0.5],[0.2,0.2],[0,0],[-0.1,0.1],[0,0],[0.5,0.7],[-0.2,0.2],[0,0],[-0.1,-0.1],[0,0],[-0.6,0.4],[-0.1,-0.1],[-0.2,-0.2],[0,0],[0.1,-0.1],[0,0],[-0.5,-0.7],[0.2,-0.2],[0.1,0],[0,0],[0.1,0.1],[0,0]],"v":[[0.827,-1.951],[2.227,-1.851],[2.027,-0.351],[1.727,0.049],[1.727,0.449],[1.927,0.649],[1.927,2.049],[0.527,1.949],[0.127,1.649],[-0.273,1.649],[-0.673,1.949],[-1.873,2.149],[-2.173,1.949],[-2.073,0.549],[-1.573,0.149],[-1.573,-0.251],[-1.773,-0.651],[-1.773,-2.051],[-0.673,-2.151],[-0.373,-1.951],[0.027,-1.651],[0.427,-1.651]],"c":true},"ix":2},"nm":"Path 1","mn":"ADBE Vector Shape - Group","hd":false},{"ty":"fl","c":{"a":0,"k":[1,1,1,1],"ix":4},"o":{"a":0,"k":100,"ix":5},"r":1,"bm":0,"nm":"Fill 1","mn":"ADBE Vector Graphic - Fill","hd":false},{"ty":"tr","p":{"a":0,"k":[0,0],"ix":2},"a":{"a":0,"k":[0,0],"ix":1},"s":{"a":0,"k":[300,300],"ix":3},"r":{"a":0,"k":0,"ix":6},"o":{"a":0,"k":100,"ix":7},"sk":{"a":0,"k":0,"ix":4},"sa":{"a":0,"k":0,"ix":5},"nm":"Transform"}],"nm":"Vector","np":2,"cix":2,"bm":0,"ix":1,"mn":"ADBE Vector Group","hd":false}],"ip":0,"op":600,"st":0,"bm":0},{"ddd":0,"ind":19,"ty":4,"nm":"Shiny object 2","sr":1,"ks":{"o":{"a":0,"k":100,"ix":11},"r":{"a":0,"k":0,"ix":10},"p":{"a":0,"k":[176.217,134.847,0],"ix":2},"a":{"a":0,"k":[0,0,0],"ix":1},"s":{"a":0,"k":[100,100,100],"ix":6}},"ao":0,"shapes":[{"ty":"gr","it":[{"ind":0,"ty":"sh","ix":1,"ks":{"a":0,"k":{"i":[[0,0],[0.1,-0.4],[1.3,0.3],[0,0],[0.1,-0.2],[0,0],[0.4,0.1],[-0.2,1.2],[0,0],[0.2,0.1],[0,0],[0,0.4],[0,0.1],[-1.2,-0.2],[0,0],[-0.1,0.2],[0,0],[-0.4,-0.1],[0,-0.8],[0,-0.2],[0,0],[-0.2,-0.1]],"o":[[1.2,0.6],[-0.1,0.4],[0,0],[-0.2,0],[0,0],[-0.6,1.1],[-0.4,-0.1],[0,0],[0,-0.2],[0,0],[-0.8,-0.4],[0,-0.1],[0.1,-0.4],[0,0],[0.2,0],[0,0],[0.6,-1.1],[0.3,0.1],[0,0.2],[0,0],[0,0.2],[0,0]],"v":[[2.761,-0.45],[3.661,1.25],[1.861,1.95],[1.261,1.85],[0.761,2.15],[0.461,2.75],[-1.239,3.65],[-2.039,1.95],[-1.839,1.25],[-2.139,0.75],[-2.739,0.45],[-3.739,-0.75],[-3.639,-1.15],[-1.939,-1.95],[-1.339,-1.85],[-0.839,-2.15],[-0.539,-2.75],[1.161,-3.65],[1.961,-2.35],[1.961,-1.85],[1.861,-1.25],[2.161,-0.75]],"c":true},"ix":2},"nm":"Path 1","mn":"ADBE Vector Shape - Group","hd":false},{"ty":"fl","c":{"a":0,"k":[1,1,1,1],"ix":4},"o":{"a":0,"k":100,"ix":5},"r":1,"bm":0,"nm":"Fill 1","mn":"ADBE Vector Graphic - Fill","hd":false},{"ty":"tr","p":{"a":0,"k":[0,0],"ix":2},"a":{"a":0,"k":[0,0],"ix":1},"s":{"a":0,"k":[300,300],"ix":3},"r":{"a":0,"k":0,"ix":6},"o":{"a":0,"k":100,"ix":7},"sk":{"a":0,"k":0,"ix":4},"sa":{"a":0,"k":0,"ix":5},"nm":"Transform"}],"nm":"Vector","np":2,"cix":2,"bm":0,"ix":1,"mn":"ADBE Vector Group","hd":false}],"ip":0,"op":600,"st":0,"bm":0},{"ddd":0,"ind":20,"ty":4,"nm":"Shiny object 3","sr":1,"ks":{"o":{"a":0,"k":100,"ix":11},"r":{"a":0,"k":0,"ix":10},"p":{"a":0,"k":[216.838,76.8,0],"ix":2},"a":{"a":0,"k":[0,0,0],"ix":1},"s":{"a":0,"k":[100,100,100],"ix":6}},"ao":0,"shapes":[{"ty":"gr","it":[{"ind":0,"ty":"sh","ix":1,"ks":{"a":0,"k":{"i":[[0,0],[-0.2,-0.7],[1.9,-0.9],[0,0],[0,-0.4],[0,0],[0.7,-0.2],[0.9,2],[0,0],[0.4,0],[0,0],[0.4,0.5],[0.1,0.2],[-1.9,1],[0,0],[0,0.4],[0,0],[-0.7,0.2],[-0.9,-1.2],[-0.1,-0.3],[0,0],[-0.4,0]],"o":[[2.2,-0.2],[0.1,0.7],[0,0],[-0.3,0.2],[0,0],[0.3,2.2],[-0.7,0.2],[0,0],[-0.2,-0.3],[0,0],[-1.5,0.2],[-0.2,-0.2],[-0.2,-0.7],[0,0],[0.3,-0.2],[0,0],[-0.3,-2.2],[0.6,-0.2],[0.1,0.2],[0,0],[0.2,0.3],[0,0]],"v":[[3.621,-3.401],[6.521,-1.801],[4.821,0.999],[3.821,1.499],[3.321,2.399],[3.421,3.499],[1.921,6.499],[-0.979,4.799],[-1.479,3.799],[-2.379,3.299],[-3.479,3.399],[-6.079,2.599],[-6.479,1.899],[-4.779,-1.001],[-3.779,-1.501],[-3.279,-2.401],[-3.379,-3.501],[-1.879,-6.501],[0.621,-5.501],[1.021,-4.801],[1.521,-3.801],[2.421,-3.301]],"c":true},"ix":2},"nm":"Path 1","mn":"ADBE Vector Shape - Group","hd":false},{"ty":"fl","c":{"a":0,"k":[1,1,1,1],"ix":4},"o":{"a":0,"k":100,"ix":5},"r":1,"bm":0,"nm":"Fill 1","mn":"ADBE Vector Graphic - Fill","hd":false},{"ty":"tr","p":{"a":0,"k":[0,0],"ix":2},"a":{"a":0,"k":[0,0],"ix":1},"s":{"a":0,"k":[300,300],"ix":3},"r":{"a":0,"k":0,"ix":6},"o":{"a":0,"k":100,"ix":7},"sk":{"a":0,"k":0,"ix":4},"sa":{"a":0,"k":0,"ix":5},"nm":"Transform"}],"nm":"Vector","np":2,"cix":2,"bm":0,"ix":1,"mn":"ADBE Vector Group","hd":false}],"ip":0,"op":600,"st":0,"bm":0},{"ddd":0,"ind":21,"ty":4,"nm":"Cloud 1","sr":1,"ks":{"o":{"a":0,"k":100,"ix":11},"r":{"a":0,"k":0,"ix":10},"p":{"a":0,"k":[1244.94,297.291,0],"ix":2},"a":{"a":0,"k":[0,0,0],"ix":1},"s":{"a":0,"k":[100,100,100],"ix":6}},"ao":0,"shapes":[{"ty":"gr","it":[{"ind":0,"ty":"sh","ix":1,"ks":{"a":0,"k":{"i":[[-7.1,1.2],[2.5,3.3],[3,0],[0,0],[2.3,0.1],[0.8,-0.3],[3.6,0.2],[2.2,-2.8],[0.8,0],[0.7,-2.3],[-2.1,-2.1]],"o":[[14.7,-2.1],[-2.4,-3.4],[0,0],[-0.6,-2],[-0.9,-0.1],[-1.8,-3.1],[-3.6,-0.3],[-0.7,-0.3],[-2.5,-0.2],[-2.7,0.1],[4.4,3.8]],"v":[[5.12,6.403],[24.42,4.803],[13.32,1.303],[13.22,1.303],[8.52,-2.397],[6.02,-1.997],[-2.48,-7.497],[-11.58,-3.297],[-13.78,-3.897],[-19.18,-0.197],[-24.38,4.903]],"c":true},"ix":2},"nm":"Path 1","mn":"ADBE Vector Shape - Group","hd":false},{"ty":"fl","c":{"a":0,"k":[1,1,1,1],"ix":4},"o":{"a":0,"k":100,"ix":5},"r":1,"bm":0,"nm":"Fill 1","mn":"ADBE Vector Graphic - Fill","hd":false},{"ty":"tr","p":{"a":0,"k":[0,0],"ix":2},"a":{"a":0,"k":[0,0],"ix":1},"s":{"a":0,"k":[300,300],"ix":3},"r":{"a":0,"k":0,"ix":6},"o":{"a":0,"k":100,"ix":7},"sk":{"a":0,"k":0,"ix":4},"sa":{"a":0,"k":0,"ix":5},"nm":"Transform"}],"nm":"Vector","np":2,"cix":2,"bm":0,"ix":1,"mn":"ADBE Vector Group","hd":false}],"ip":0,"op":600,"st":0,"bm":0},{"ddd":0,"ind":22,"ty":4,"nm":"Cloud 2","sr":1,"ks":{"o":{"a":0,"k":100,"ix":11},"r":{"a":0,"k":0,"ix":10},"p":{"a":0,"k":[1316.772,232.711,0],"ix":2},"a":{"a":0,"k":[0,0,0],"ix":1},"s":{"a":0,"k":[100,100,100],"ix":6}},"ao":0,"shapes":[{"ty":"gr","it":[{"ind":0,"ty":"sh","ix":1,"ks":{"a":0,"k":{"i":[[7.4,1.3],[-2.6,3.5],[-3.1,0.2],[0,0],[-2.3,0.1],[-0.8,-0.3],[-3.8,0.2],[-2.3,-2.9],[-0.8,0.1],[-0.8,-2.4],[2.2,-2.2]],"o":[[-15.2,-2.1],[2.6,-3.5],[0,0],[0.7,-2.2],[0.9,-0.1],[1.9,-3.2],[3.7,-0.2],[0.6,-0.3],[2.5,-0.1],[2.8,0.1],[-4.5,3.9]],"v":[[-5.324,6.73],[-25.324,5.13],[-13.724,1.33],[-13.624,1.33],[-8.724,-2.57],[-6.224,-2.17],[2.676,-7.87],[12.076,-3.47],[14.276,-4.07],[19.876,-0.17],[25.276,5.13]],"c":true},"ix":2},"nm":"Path 1","mn":"ADBE Vector Shape - Group","hd":false},{"ty":"fl","c":{"a":0,"k":[1,1,1,1],"ix":4},"o":{"a":0,"k":100,"ix":5},"r":1,"bm":0,"nm":"Fill 1","mn":"ADBE Vector Graphic - Fill","hd":false},{"ty":"tr","p":{"a":0,"k":[0,0],"ix":2},"a":{"a":0,"k":[0,0],"ix":1},"s":{"a":0,"k":[300,300],"ix":3},"r":{"a":0,"k":0,"ix":6},"o":{"a":0,"k":100,"ix":7},"sk":{"a":0,"k":0,"ix":4},"sa":{"a":0,"k":0,"ix":5},"nm":"Transform"}],"nm":"Vector","np":2,"cix":2,"bm":0,"ix":1,"mn":"ADBE Vector Group","hd":false}],"ip":0,"op":600,"st":0,"bm":0},{"ddd":0,"ind":23,"ty":4,"nm":"Cloud 3","sr":1,"ks":{"o":{"a":0,"k":100,"ix":11},"r":{"a":0,"k":0,"ix":10},"p":{"a":0,"k":[148.322,356.925,0],"ix":2},"a":{"a":0,"k":[0,0,0],"ix":1},"s":{"a":0,"k":[100,100,100],"ix":6}},"ao":0,"shapes":[{"ty":"gr","it":[{"ind":0,"ty":"sh","ix":1,"ks":{"a":0,"k":{"i":[[14.5,1.1],[-3.7,4.3],[-4,0.1],[0,0],[-3.1,0],[-1,-0.5],[-5,-0.1],[-2.7,-4],[-1.1,0],[-0.8,-3.2],[3.1,-2.7]],"o":[[-14.5,-1.1],[3.7,-4.3],[0,0],[1.1,-2.7],[1.2,0],[2.7,-4],[4.9,0.1],[0.9,-0.4],[3.4,0],[3.8,0.4],[-6.3,4.7]],"v":[[-8.041,10.925],[-33.241,2.525],[-17.841,-1.375],[-17.741,-1.375],[-10.941,-5.875],[-7.641,-5.075],[4.459,-11.575],[16.359,-4.875],[19.359,-5.475],[26.359,0.125],[32.959,7.525]],"c":true},"ix":2},"nm":"Path 1","mn":"ADBE Vector Shape - Group","hd":false},{"ty":"fl","c":{"a":0,"k":[1,1,1,1],"ix":4},"o":{"a":0,"k":100,"ix":5},"r":1,"bm":0,"nm":"Fill 1","mn":"ADBE Vector Graphic - Fill","hd":false},{"ty":"tr","p":{"a":0,"k":[0,0],"ix":2},"a":{"a":0,"k":[0,0],"ix":1},"s":{"a":0,"k":[300,300],"ix":3},"r":{"a":0,"k":0,"ix":6},"o":{"a":0,"k":100,"ix":7},"sk":{"a":0,"k":0,"ix":4},"sa":{"a":0,"k":0,"ix":5},"nm":"Transform"}],"nm":"Vector","np":2,"cix":2,"bm":0,"ix":1,"mn":"ADBE Vector Group","hd":false}],"ip":0,"op":600,"st":0,"bm":0},{"ddd":0,"ind":24,"ty":4,"nm":"Text: Anggaran Harian","sr":1,"ks":{"o":{"a":0,"k":100,"ix":11},"r":{"a":0,"k":0,"ix":10},"p":{"a":0,"k":[583.2,151.35,0],"ix":2},"a":{"a":0,"k":[0,0,0],"ix":1},"s":{"a":0,"k":[100,100,100],"ix":6}},"ao":0,"shapes":[{"ty":"gr","it":[{"ind":0,"ty":"sh","ix":1,"ks":{"a":0,"k":{"i":[[0,0],[0,0],[0,0],[0,0],[0,0],[0,0],[0,0],[0,0]],"o":[[0,0],[0,0],[0,0],[0,0],[0,0],[0,0],[0,0],[0,0]],"v":[[-53.6,1.75],[-52.6,4.15],[-50.2,4.15],[-55.2,-6.75],[-57.1,-6.75],[-62.1,4.15],[-59.7,4.15],[-58.7,1.75]],"c":true},"ix":2},"nm":"Path 1","mn":"ADBE Vector Shape - Group","hd":false},{"ind":1,"ty":"sh","ix":2,"ks":{"a":0,"k":{"i":[[0,0],[0,0],[0,0]],"o":[[0,0],[0,0],[0,0]],"v":[[-54.5,-0.05],[-58,-0.05],[-56.2,-4.15]],"c":true},"ix":2},"nm":"Path 2","mn":"ADBE Vector Shape - Group","hd":false},{"ind":2,"ty":"sh","ix":3,"ks":{"a":0,"k":{"i":[[0.4,0.5],[0.9,0],[0.4,-0.2],[0.3,-0.4],[0,0],[0,0],[0,0],[0,0],[0,0],[-0.3,0.3],[-0.5,0],[-0.2,-0.2],[0,-0.5],[0,0],[0,0],[0,0]],"o":[[-0.4,-0.5],[-0.6,0],[-0.4,0.2],[0,0],[0,0],[0,0],[0,0],[0,0],[0,-0.5],[0.3,-0.3],[0.4,0],[0.2,0.2],[0,0],[0,0],[0,0],[0,-1.1]],"v":[[-42.7,-2.85],[-44.7,-3.65],[-46.2,-3.25],[-47.2,-2.35],[-47.2,-3.45],[-49.5,-3.45],[-49.5,4.15],[-47.2,4.15],[-47.2,-0.15],[-46.8,-1.35],[-45.6,-1.85],[-44.7,-1.45],[-44.4,-0.35],[-44.4,4.15],[-42,4.15],[-42,-0.45]],"c":true},"ix":2},"nm":"Path 3","mn":"ADBE Vector Shape - Group","hd":false},{"ind":3,"ty":"sh","ix":4,"ks":{"a":0,"k":{"i":[[0,1.2],[0,0],[0,0],[0,0],[0.4,0.2],[0.5,0],[0.5,-0.3],[0.3,-0.6],[0,-0.8],[-0.3,-0.6],[-0.5,-0.3],[-0.7,0],[-0.4,0.2],[-0.2,0.4],[0,0],[1.3,0],[1,0.5],[0,0],[-0.6,-0.2],[-0.7,0],[-0.7,0.6]],"o":[[0,0],[0,0],[0,0],[-0.2,-0.4],[-0.4,-0.2],[-0.7,0],[-0.5,0.3],[-0.3,0.6],[0,0.8],[0.3,0.6],[0.6,0.3],[0.6,0],[0.5,-0.2],[0,0],[0,1.2],[-0.9,0],[0,0],[0.4,0.3],[0.7,0.1],[1.4,0],[0.7,-0.6]],"v":[[-32.6,3.35],[-32.6,-3.45],[-35.1,-3.45],[-35.1,-2.45],[-36.1,-3.35],[-37.5,-3.65],[-39.3,-3.15],[-40.5,-1.85],[-40.9,0.15],[-40.5,2.15],[-39.3,3.45],[-37.5,3.95],[-36,3.65],[-35,2.75],[-35,3.55],[-36.9,5.35],[-39.8,4.55],[-40.4,6.15],[-38.8,6.85],[-36.8,7.05],[-33.7,6.15]],"c":true},"ix":2},"nm":"Path 4","mn":"ADBE Vector Shape - Group","hd":false},{"ind":4,"ty":"sh","ix":5,"ks":{"a":0,"k":{"i":[[0.3,-0.4],[0.5,0],[0.3,0.4],[0,0.6],[-0.3,0.4],[-0.5,0],[-0.3,-0.4],[0,-0.6]],"o":[[-0.3,0.3],[-0.6,0],[-0.3,-0.4],[0,-0.7],[0.3,-0.3],[0.6,0],[0.3,0.4],[0,0.7]],"v":[[-35.3,1.65],[-36.6,2.15],[-37.9,1.65],[-38.4,0.15],[-37.9,-1.35],[-36.6,-1.85],[-35.3,-1.35],[-34.8,0.15]],"c":true},"ix":2},"nm":"Path 5","mn":"ADBE Vector Shape - Group","hd":false},{"ind":5,"ty":"sh","ix":6,"ks":{"a":0,"k":{"i":[[0,1.2],[0,0],[0,0],[0,0],[0.4,0.2],[0.5,0],[0.5,-0.3],[0.3,-0.6],[0,-0.8],[-0.3,-0.6],[-0.5,-0.3],[-0.7,0],[-0.4,0.2],[-0.2,0.4],[0,0],[1.3,0],[1,0.5],[0,0],[-0.6,-0.2],[-0.7,0],[-0.7,0.6]],"o":[[0,0],[0,0],[0,0],[-0.2,-0.4],[-0.4,-0.2],[-0.7,0],[-0.5,0.3],[-0.3,0.6],[0,0.8],[0.3,0.6],[0.6,0.3],[0.6,0],[0.5,-0.2],[0,0],[0,1.2],[-0.9,0],[0,0],[0.4,0.3],[0.7,0.1],[1.4,0],[0.7,-0.6]],"v":[[-23,3.35],[-23,-3.45],[-25.5,-3.45],[-25.5,-2.45],[-26.5,-3.35],[-27.9,-3.65],[-29.7,-3.15],[-30.9,-1.85],[-31.3,0.15],[-30.9,2.15],[-29.7,3.45],[-27.9,3.95],[-26.4,3.65],[-25.4,2.75],[-25.4,3.55],[-27.3,5.35],[-30.2,4.55],[-30.8,6.15],[-29.2,6.85],[-27.2,7.05],[-24.1,6.15]],"c":true},"ix":2},"nm":"Path 6","mn":"ADBE Vector Shape - Group","hd":false},{"ind":6,"ty":"sh","ix":7,"ks":{"a":0,"k":{"i":[[0.3,-0.4],[0.5,0],[0.4,0.4],[0,0.6],[-0.3,0.4],[-0.5,0],[-0.3,-0.4],[0,-0.6]],"o":[[-0.3,0.3],[-0.5,0],[-0.3,-0.4],[0,-0.7],[0.3,-0.3],[0.6,0],[0.3,0.4],[0,0.7]],"v":[[-25.8,1.65],[-27.1,2.15],[-28.4,1.65],[-28.9,0.15],[-28.4,-1.35],[-27.1,-1.85],[-25.8,-1.35],[-25.3,0.15]],"c":true},"ix":2},"nm":"Path 7","mn":"ADBE Vector Shape - Group","hd":false},{"ind":7,"ty":"sh","ix":8,"ks":{"a":0,"k":{"i":[[0.5,0.5],[1.1,0],[0.6,-0.1],[0.4,-0.3],[0,0],[-0.5,0.1],[-0.4,0],[-0.2,-0.2],[0,-0.5],[0,0],[0,0],[0.6,-0.1],[0.3,-0.3],[0,-0.6],[-0.2,-0.4],[-0.4,-0.2],[-0.5,0],[-0.4,0.2],[-0.2,0.4],[0,0],[0,0],[0,0]],"o":[[-0.5,-0.5],[-0.6,0],[-0.6,0.2],[0,0],[0.4,-0.3],[0.4,-0.1],[0.5,0],[0.2,0.2],[0,0],[0,0],[-1.1,0],[-0.7,0.1],[-0.3,0.3],[0,0.4],[0.3,0.4],[0.4,0.2],[0.5,0],[0.4,-0.2],[0,0],[0,0],[0,0],[0,-1.1]],"v":[[-15.3,-2.85],[-17.8,-3.65],[-19.6,-3.45],[-21.2,-2.75],[-20.6,-1.15],[-19.3,-1.75],[-18.1,-1.95],[-17.1,-1.65],[-16.8,-0.65],[-16.8,-0.35],[-17.2,-0.35],[-19.8,-0.15],[-21.2,0.55],[-21.6,1.85],[-21.2,3.05],[-20.2,3.95],[-18.8,4.25],[-17.5,3.95],[-16.7,3.05],[-16.7,4.15],[-14.5,4.15],[-14.5,-0.35]],"c":true},"ix":2},"nm":"Path 8","mn":"ADBE Vector Shape - Group","hd":false},{"ind":8,"ty":"sh","ix":9,"ks":{"a":0,"k":{"i":[[0.3,-0.3],[0.5,0],[0.2,0.3],[0,0.3],[-0.3,0.1],[-0.8,0],[0,0],[0,0]],"o":[[-0.3,0.3],[-0.3,0],[-0.2,-0.2],[0,-0.3],[0.4,-0.1],[0,0],[0,0],[0,0.5]],"v":[[-17.1,2.25],[-18.2,2.65],[-19,2.35],[-19.3,1.65],[-18.8,0.95],[-17,0.75],[-16.7,0.75],[-16.7,1.05]],"c":true},"ix":2},"nm":"Path 9","mn":"ADBE Vector Shape - Group","hd":false},{"ind":9,"ty":"sh","ix":10,"ks":{"a":0,"k":{"i":[[-0.7,0.1],[0,0],[0,0],[0,0],[0.4,-0.9],[0,0],[0,0],[0,0],[0,0],[0,0],[-0.3,0.3]],"o":[[0,0],[0,0],[0,0],[-1.2,0],[0,0],[0,0],[0,0],[0,0],[0,0],[0,-0.5],[0.3,-0.4]],"v":[[-8.6,-1.55],[-7.3,-1.65],[-7.4,-3.55],[-8.1,-3.55],[-10.5,-2.15],[-10.5,-3.45],[-12.7,-3.45],[-12.7,4.25],[-10.4,4.25],[-10.4,0.25],[-10,-0.95]],"c":true},"ix":2},"nm":"Path 10","mn":"ADBE Vector Shape - Group","hd":false},{"ind":10,"ty":"sh","ix":11,"ks":{"a":0,"k":{"i":[[0.5,0.5],[1.1,0],[0.7,-0.1],[0.4,-0.3],[0,0],[-0.5,0.1],[-0.4,0],[-0.2,-0.2],[0,-0.5],[0,0],[0,0],[0.6,-0.1],[0.3,-0.3],[0,-0.6],[-0.2,-0.4],[-0.4,-0.2],[-0.5,0],[-0.4,0.2],[-0.2,0.4],[0,0],[0,0],[0,0]],"o":[[-0.5,-0.5],[-0.5,0],[-0.6,0.2],[0,0],[0.4,-0.3],[0.4,-0.1],[0.5,0],[0.2,0.2],[0,0],[0,0],[-1.1,0],[-0.7,0.1],[-0.3,0.3],[0,0.4],[0.3,0.4],[0.4,0.2],[0.5,0],[0.4,-0.2],[0,0],[0,0],[0,0],[0,-1.1]],"v":[[-0.7,-2.85],[-3.2,-3.65],[-5,-3.45],[-6.6,-2.75],[-6,-1.15],[-4.7,-1.75],[-3.5,-1.95],[-2.5,-1.65],[-2.2,-0.65],[-2.2,-0.35],[-2.6,-0.35],[-5.2,-0.15],[-6.6,0.55],[-7,1.85],[-6.6,3.05],[-5.6,3.95],[-4.2,4.25],[-2.9,3.95],[-2.1,3.05],[-2.1,4.15],[0.1,4.15],[0.1,-0.35]],"c":true},"ix":2},"nm":"Path 11","mn":"ADBE Vector Shape - Group","hd":false},{"ind":11,"ty":"sh","ix":12,"ks":{"a":0,"k":{"i":[[0.3,-0.3],[0.5,0],[0.3,0.3],[0,0.3],[-0.3,0.1],[-0.8,0],[0,0],[0,0]],"o":[[-0.3,0.3],[-0.3,0],[-0.2,-0.2],[0,-0.3],[0.4,-0.1],[0,0],[0,0],[0,0.5]],"v":[[-2.5,2.25],[-3.6,2.65],[-4.4,2.35],[-4.7,1.65],[-4.2,0.95],[-2.4,0.75],[-2.1,0.75],[-2.1,1.05]],"c":true},"ix":2},"nm":"Path 12","mn":"ADBE Vector Shape - Group","hd":false},{"ind":12,"ty":"sh","ix":13,"ks":{"a":0,"k":{"i":[[0.4,0.5],[0.9,0],[0.4,-0.2],[0.3,-0.4],[0,0],[0,0],[0,0],[0,0],[0,0],[-0.3,0.3],[-0.5,0],[-0.2,-0.2],[0,-0.5],[0,0],[0,0],[0,0]],"o":[[-0.4,-0.5],[-0.6,0],[-0.4,0.2],[0,0],[0,0],[0,0],[0,0],[0,0],[0,-0.5],[0.3,-0.3],[0.4,0],[0.2,0.2],[0,0],[0,0],[0,0],[0,-1.1]],"v":[[8.7,-2.85],[6.7,-3.65],[5.3,-3.25],[4.3,-2.35],[4.3,-3.45],[2,-3.45],[2,4.15],[4.3,4.15],[4.3,-0.15],[4.7,-1.35],[5.9,-1.85],[6.8,-1.45],[7.1,-0.35],[7.1,4.15],[9.4,4.15],[9.4,-0.45]],"c":true},"ix":2},"nm":"Path 13","mn":"ADBE Vector Shape - Group","hd":false},{"ind":13,"ty":"sh","ix":14,"ks":{"a":0,"k":{"i":[[0,0],[0,0],[0,0],[0,0],[0,0],[0,0],[0,0],[0,0],[0,0],[0,0],[0,0],[0,0]],"o":[[0,0],[0,0],[0,0],[0,0],[0,0],[0,0],[0,0],[0,0],[0,0],[0,0],[0,0],[0,0]],"v":[[25.4,-6.75],[23,-6.75],[23,-2.35],[18,-2.35],[18,-6.75],[15.6,-6.75],[15.6,4.15],[18,4.15],[18,-0.45],[23,-0.45],[23,4.15],[25.4,4.15]],"c":true},"ix":2},"nm":"Path 14","mn":"ADBE Vector Shape - Group","hd":false},{"ind":14,"ty":"sh","ix":15,"ks":{"a":0,"k":{"i":[[0.5,0.5],[1.1,0],[0.6,-0.1],[0.4,-0.3],[0,0],[-0.5,0.1],[-0.4,0],[-0.2,-0.2],[0,-0.5],[0,0],[0,0],[0.6,-0.1],[0.3,-0.3],[0,-0.6],[-0.2,-0.4],[-0.4,-0.2],[-0.5,0],[-0.4,0.2],[-0.2,0.4],[0,0],[0,0],[0,0]],"o":[[-0.5,-0.5],[-0.6,0],[-0.6,0.2],[0,0],[0.4,-0.3],[0.4,-0.1],[0.5,0],[0.2,0.2],[0,0],[0,0],[-1.1,0],[-0.7,0.1],[-0.3,0.3],[0,0.4],[0.3,0.4],[0.4,0.2],[0.5,0],[0.4,-0.2],[0,0],[0,0],[0,0],[0,-1.1]],"v":[[33.3,-2.85],[30.8,-3.65],[29,-3.45],[27.4,-2.75],[28,-1.15],[29.3,-1.75],[30.5,-1.95],[31.5,-1.65],[31.8,-0.65],[31.8,-0.35],[31.4,-0.35],[28.8,-0.15],[27.4,0.55],[27,1.85],[27.4,3.05],[28.4,3.95],[29.8,4.25],[31.1,3.95],[31.9,3.05],[31.9,4.15],[34.1,4.15],[34.1,-0.35]],"c":true},"ix":2},"nm":"Path 15","mn":"ADBE Vector Shape - Group","hd":false},{"ind":15,"ty":"sh","ix":16,"ks":{"a":0,"k":{"i":[[0.3,-0.3],[0.5,0],[0.2,0.3],[0,0.3],[-0.3,0.1],[-0.8,0],[0,0],[0,0]],"o":[[-0.3,0.3],[-0.3,0],[-0.2,-0.2],[0,-0.3],[0.4,-0.1],[0,0],[0,0],[0,0.5]],"v":[[31.4,2.25],[30.3,2.65],[29.6,2.35],[29.3,1.65],[29.8,0.95],[31.6,0.75],[31.8,0.75],[31.8,1.05]],"c":true},"ix":2},"nm":"Path 16","mn":"ADBE Vector Shape - Group","hd":false},{"ind":16,"ty":"sh","ix":17,"ks":{"a":0,"k":{"i":[[-0.6,0.1],[0,0],[0,0],[0,0],[0.4,-0.9],[0,0],[0,0],[0,0],[0,0],[0,0],[-0.3,0.3]],"o":[[0,0],[0,0],[0,0],[-1.2,0],[0,0],[0,0],[0,0],[0,0],[0,0],[0,-0.5],[0.3,-0.4]],"v":[[40,-1.55],[41.3,-1.65],[41.2,-3.55],[40.5,-3.55],[38.1,-2.15],[38.1,-3.45],[35.9,-3.45],[35.9,4.25],[38.2,4.25],[38.2,0.25],[38.6,-0.95]],"c":true},"ix":2},"nm":"Path 17","mn":"ADBE Vector Shape - Group","hd":false},{"ind":17,"ty":"sh","ix":18,"ks":{"a":0,"k":{"i":[[0,0],[0,0],[0,0],[0,0]],"o":[[0,0],[0,0],[0,0],[0,0]],"v":[[42,-3.45],[42,4.15],[44.3,4.15],[44.3,-3.45]],"c":true},"ix":2},"nm":"Path 18","mn":"ADBE Vector Shape - Group","hd":false},{"ind":18,"ty":"sh","ix":19,"ks":{"a":0,"k":{"i":[[0,0],[0,0],[0,0],[0,0]],"o":[[0,0],[0,0],[0,0],[0,0]],"v":[[44.5,-7.05],[42,-7.05],[42,-4.85],[44.5,-4.85]],"c":true},"ix":2},"nm":"Path 19","mn":"ADBE Vector Shape - Group","hd":false},{"ind":19,"ty":"sh","ix":20,"ks":{"a":0,"k":{"i":[[0.5,0.5],[1.1,0],[0.7,-0.1],[0.4,-0.3],[0,0],[-0.5,0.1],[-0.4,0],[-0.2,-0.2],[0,-0.5],[0,0],[0,0],[0.6,-0.1],[0.3,-0.3],[0,-0.6],[-0.2,-0.4],[-0.4,-0.2],[-0.5,0],[-0.4,0.2],[-0.2,0.4],[0,0],[0,0],[0,0]],"o":[[-0.5,-0.5],[-0.5,0],[-0.6,0.2],[0,0],[0.4,-0.3],[0.4,-0.1],[0.5,0],[0.2,0.2],[0,0],[0,0],[-1.1,0],[-0.7,0.1],[-0.3,0.3],[0,0.4],[0.3,0.4],[0.4,0.2],[0.5,0],[0.4,-0.2],[0,0],[0,0],[0,0],[0,-1.1]],"v":[[52,-2.85],[49.5,-3.65],[47.7,-3.45],[46.1,-2.75],[46.7,-1.15],[48,-1.75],[49.2,-1.95],[50.2,-1.65],[50.5,-0.65],[50.5,-0.35],[50.1,-0.35],[47.5,-0.15],[46.1,0.55],[45.7,1.85],[46.1,3.05],[47.1,3.95],[48.5,4.25],[49.8,3.95],[50.6,3.05],[50.6,4.15],[52.8,4.15],[52.8,-0.35]],"c":true},"ix":2},"nm":"Path 20","mn":"ADBE Vector Shape - Group","hd":false},{"ind":20,"ty":"sh","ix":21,"ks":{"a":0,"k":{"i":[[0.3,-0.3],[0.5,0],[0.3,0.3],[0,0.3],[-0.3,0.1],[-0.8,0],[0,0],[0,0]],"o":[[-0.3,0.3],[-0.3,0],[-0.2,-0.2],[0,-0.3],[0.4,-0.1],[0,0],[0,0],[0,0.5]],"v":[[50.2,2.25],[49.1,2.65],[48.3,2.35],[48,1.65],[48.5,0.95],[50.3,0.75],[50.6,0.75],[50.6,1.05]],"c":true},"ix":2},"nm":"Path 21","mn":"ADBE Vector Shape - Group","hd":false},{"ind":21,"ty":"sh","ix":22,"ks":{"a":0,"k":{"i":[[0.4,0.5],[0.9,0],[0.5,-0.2],[0.3,-0.4],[0,0],[0,0],[0,0],[0,0],[0,0],[-0.3,0.3],[-0.5,0],[-0.2,-0.2],[0,-0.5],[0,0],[0,0],[0,0]],"o":[[-0.4,-0.5],[-0.6,0],[-0.4,0.2],[0,0],[0,0],[0,0],[0,0],[0,0],[0,-0.5],[0.3,-0.3],[0.4,0],[0.2,0.2],[0,0],[0,0],[0,0],[0,-1.1]],"v":[[61.4,-2.85],[59.4,-3.65],[57.9,-3.25],[56.9,-2.35],[56.9,-3.45],[54.6,-3.45],[54.6,4.15],[57,4.15],[57,-0.15],[57.4,-1.35],[58.6,-1.85],[59.5,-1.45],[59.8,-0.35],[59.8,4.15],[62.1,4.15],[62.1,-0.45]],"c":true},"ix":2},"nm":"Path 22","mn":"ADBE Vector Shape - Group","hd":false},{"ty":"mm","mm":5,"nm":"Merge Paths 1","mn":"ADBE Vector Filter - Merge","hd":false},{"ty":"fl","c":{"a":0,"k":[0.192156866193,0.207843139768,0.23137255013,1],"ix":4},"o":{"a":0,"k":100,"ix":5},"r":1,"bm":0,"nm":"Fill 1","mn":"ADBE Vector Graphic - Fill","hd":false},{"ty":"tr","p":{"a":0,"k":[0,0],"ix":2},"a":{"a":0,"k":[0,0],"ix":1},"s":{"a":0,"k":[300,300],"ix":3},"r":{"a":0,"k":0,"ix":6},"o":{"a":0,"k":100,"ix":7},"sk":{"a":0,"k":0,"ix":4},"sa":{"a":0,"k":0,"ix":5},"nm":"Transform"}],"nm":"Vector","np":24,"cix":2,"bm":0,"ix":1,"mn":"ADBE Vector Group","hd":false}],"ip":0,"op":600,"st":0,"bm":0},{"ddd":0,"ind":25,"ty":4,"nm":"Vector","sr":1,"ks":{"o":{"a":0,"k":100,"ix":11},"r":{"a":0,"k":0,"ix":10},"p":{"a":0,"k":[1062.019,505.093,0],"ix":2},"a":{"a":0,"k":[0,0,0],"ix":1},"s":{"a":0,"k":[100,100,100],"ix":6}},"ao":0,"shapes":[{"ty":"gr","it":[{"ind":0,"ty":"sh","ix":1,"ks":{"a":0,"k":{"i":[[-0.328,0],[-4.595,-0.164],[-4.431,0.328],[-0.492,0.164],[1.149,0.821],[3.282,-0.985],[0.821,0],[1.969,-0.164],[1.313,-0.164],[2.626,-3.775],[1.149,-0.164],[0.985,-1.149],[0.821,0.164],[0.328,-1.477],[0.985,-0.492],[1.969,-0.492],[1.149,-2.79],[0,0]],"o":[[4.431,-0.328],[4.267,0.164],[0.492,0],[2.626,-1.641],[-1.313,-0.656],[1.149,-0.985],[-0.82,-0.164],[2.298,-2.462],[-1.313,0.164],[0.164,-1.149],[-0.985,0.164],[-0.328,-1.149],[-0.82,-0.164],[0,-1.313],[-0.985,0.492],[-1.969,0.492],[-1.149,2.79],[0.492,0]],"v":[[-14.313,5.637],[-0.691,5.473],[12.766,6.622],[14.407,6.458],[18.674,1.37],[11.946,3.668],[11.617,0.057],[8.335,2.191],[12.438,-6.671],[3.576,1.698],[1.935,-4.538],[-1.348,-0.107],[-2.661,-3.553],[-5.615,0.221],[-7.748,-4.21],[-10.21,1.534],[-18.744,-3.061],[-15.626,5.637]],"c":true},"ix":2},"nm":"Path 1","mn":"ADBE Vector Shape - Group","hd":false},{"ty":"fl","c":{"a":0,"k":[0.937254905701,0.674509823322,0.784313738346,1],"ix":4},"o":{"a":0,"k":100,"ix":5},"r":1,"bm":0,"nm":"Fill 1","mn":"ADBE Vector Graphic - Fill","hd":false},{"ty":"tr","p":{"a":0,"k":[0,0],"ix":2},"a":{"a":0,"k":[0,0],"ix":1},"s":{"a":0,"k":[300,300],"ix":3},"r":{"a":0,"k":0,"ix":6},"o":{"a":0,"k":100,"ix":7},"sk":{"a":0,"k":0,"ix":4},"sa":{"a":0,"k":0,"ix":5},"nm":"Transform"}],"nm":"Vector","np":2,"cix":2,"bm":0,"ix":1,"mn":"ADBE Vector Group","hd":false}],"ip":0,"op":600,"st":0,"bm":0},{"ddd":0,"ind":26,"ty":4,"nm":"Vector","sr":1,"ks":{"o":{"a":0,"k":100,"ix":11},"r":{"a":0,"k":0,"ix":10},"p":{"a":0,"k":[1066.158,490.31,0],"ix":2},"a":{"a":0,"k":[0,0,0],"ix":1},"s":{"a":0,"k":[100,100,100],"ix":6}},"ao":0,"shapes":[{"ty":"gr","it":[{"ind":0,"ty":"sh","ix":1,"ks":{"a":0,"k":{"i":[[1.149,-3.939],[-0.821,-2.79],[5.252,-0.328],[4.267,0.164],[4.595,-0.328],[1.969,2.298],[-2.462,2.79],[-3.118,0],[-5.088,0.328],[-0.985,0],[-1.313,1.149],[-0.656,-0.164],[0.164,-0.821],[0.164,-2.133],[-1.149,-3.611]],"o":[[2.79,-2.133],[0.821,2.79],[-4.267,0.328],[-4.595,-0.164],[-3.118,0.164],[-0.656,-0.656],[2.462,-2.79],[3.118,0],[5.088,-0.328],[0.985,0],[0.492,-0.492],[0.821,0.328],[-0.164,2.133],[2.954,-5.416],[1.149,3.611]],"v":[[13.521,3.178],[25.337,-0.268],[11.223,11.384],[-2.07,10.235],[-15.692,10.399],[-21.436,7.938],[-24.718,-6.012],[-14.871,-1.089],[-8.963,-11.428],[-0.593,-2.73],[2.197,-6.833],[4.002,-7.489],[4.823,-5.191],[4.166,1.373],[21.398,-8.474]],"c":true},"ix":2},"nm":"Path 1","mn":"ADBE Vector Shape - Group","hd":false},{"ty":"fl","c":{"a":0,"k":[0.996078431606,0.803921580315,0.874509811401,1],"ix":4},"o":{"a":0,"k":100,"ix":5},"r":1,"bm":0,"nm":"Fill 1","mn":"ADBE Vector Graphic - Fill","hd":false},{"ty":"tr","p":{"a":0,"k":[0,0],"ix":2},"a":{"a":0,"k":[0,0],"ix":1},"s":{"a":0,"k":[300,300],"ix":3},"r":{"a":0,"k":0,"ix":6},"o":{"a":0,"k":100,"ix":7},"sk":{"a":0,"k":0,"ix":4},"sa":{"a":0,"k":0,"ix":5},"nm":"Transform"}],"nm":"Vector","np":2,"cix":2,"bm":0,"ix":1,"mn":"ADBE Vector Group","hd":false}],"ip":0,"op":600,"st":0,"bm":0},{"ddd":0,"ind":27,"ty":4,"nm":"White BG","sr":1,"ks":{"o":{"a":0,"k":100,"ix":11},"r":{"a":0,"k":0,"ix":10},"p":{"a":0,"k":[748.625,278.575,0],"ix":2},"a":{"a":0,"k":[0,0,0],"ix":1},"s":{"a":0,"k":[100,100,100],"ix":6}},"ao":0,"shapes":[{"ty":"gr","it":[{"ind":0,"ty":"sh","ix":1,"ks":{"a":0,"k":{"i":[[54,0],[0,0],[0,-5.1],[0,0],[-5.1,0],[0,0],[0,0],[0,5.1],[0,0],[5.1,0]],"o":[[-63,0],[-5.1,0],[0,0],[0,5.1],[0,0],[0,0],[5.1,0],[0,0],[0,-5.1],[0,0]],"v":[[2.5,-75.55],[-136.2,-69.95],[-145.5,-60.65],[-145.5,66.25],[-136.2,75.55],[2.3,75.55],[136.2,75.55],[145.5,66.25],[145.5,-60.65],[136.2,-69.95]],"c":true},"ix":2},"nm":"Path 1","mn":"ADBE Vector Shape - Group","hd":false},{"ty":"fl","c":{"a":0,"k":[1,1,1,1],"ix":4},"o":{"a":0,"k":100,"ix":5},"r":1,"bm":0,"nm":"Fill 1","mn":"ADBE Vector Graphic - Fill","hd":false},{"ty":"tr","p":{"a":0,"k":[0,0],"ix":2},"a":{"a":0,"k":[0,0],"ix":1},"s":{"a":0,"k":[300,300],"ix":3},"r":{"a":0,"k":0,"ix":6},"o":{"a":0,"k":100,"ix":7},"sk":{"a":0,"k":0,"ix":4},"sa":{"a":0,"k":0,"ix":5},"nm":"Transform"}],"nm":"Vector","np":2,"cix":2,"bm":0,"ix":1,"mn":"ADBE Vector Group","hd":false}],"ip":0,"op":600,"st":0,"bm":0},{"ddd":0,"ind":28,"ty":4,"nm":"Shadow 3","sr":1,"ks":{"o":{"a":0,"k":100,"ix":11},"r":{"a":0,"k":0,"ix":10},"p":{"a":0,"k":[1060.5,526.5,0],"ix":2},"a":{"a":0,"k":[0,0,0],"ix":1},"s":{"a":0,"k":[100,100,100],"ix":6}},"ao":0,"shapes":[{"ty":"gr","it":[{"ind":0,"ty":"sh","ix":1,"ks":{"a":0,"k":{"i":[[0,-3.038],[12.979,0],[0,3.038],[-12.979,0]],"o":[[0,3.038],[-12.979,0],[0,-3.038],[12.979,0]],"v":[[23.5,0],[0,5.5],[-23.5,0],[0,-5.5]],"c":true},"ix":2},"nm":"Path 1","mn":"ADBE Vector Shape - Group","hd":false},{"ty":"fl","c":{"a":0,"k":[0.592156887054,0.737254917622,0.341176480055,1],"ix":4},"o":{"a":0,"k":100,"ix":5},"r":1,"bm":0,"nm":"Fill 1","mn":"ADBE Vector Graphic - Fill","hd":false},{"ty":"tr","p":{"a":0,"k":[0,0],"ix":2},"a":{"a":0,"k":[0,0],"ix":1},"s":{"a":0,"k":[300,300],"ix":3},"r":{"a":0,"k":0,"ix":6},"o":{"a":0,"k":100,"ix":7},"sk":{"a":0,"k":0,"ix":4},"sa":{"a":0,"k":0,"ix":5},"nm":"Transform"}],"nm":"Vector","np":2,"cix":2,"bm":0,"ix":1,"mn":"ADBE Vector Group","hd":false}],"ip":0,"op":600,"st":0,"bm":0},{"ddd":0,"ind":29,"ty":4,"nm":"Shadow 2","sr":1,"ks":{"o":{"a":0,"k":100,"ix":11},"r":{"a":0,"k":0,"ix":10},"p":{"a":0,"k":[1187.7,469.502,0],"ix":2},"a":{"a":0,"k":[0,0,0],"ix":1},"s":{"a":0,"k":[100,100,100],"ix":6}},"ao":0,"shapes":[{"ty":"gr","it":[{"ind":0,"ty":"sh","ix":1,"ks":{"a":0,"k":{"i":[[0,-1.767],[5.468,0],[0,1.767],[-5.468,0]],"o":[[0,1.767],[-5.468,0],[0,-1.767],[5.468,0]],"v":[[9.9,0],[0,3.2],[-9.9,0],[0,-3.2]],"c":true},"ix":2},"nm":"Path 1","mn":"ADBE Vector Shape - Group","hd":false},{"ty":"fl","c":{"a":0,"k":[0.592156887054,0.737254917622,0.341176480055,1],"ix":4},"o":{"a":0,"k":100,"ix":5},"r":1,"bm":0,"nm":"Fill 1","mn":"ADBE Vector Graphic - Fill","hd":false},{"ty":"tr","p":{"a":0,"k":[0,0],"ix":2},"a":{"a":0,"k":[0,0],"ix":1},"s":{"a":0,"k":[300,300],"ix":3},"r":{"a":0,"k":0,"ix":6},"o":{"a":0,"k":100,"ix":7},"sk":{"a":0,"k":0,"ix":4},"sa":{"a":0,"k":0,"ix":5},"nm":"Transform"}],"nm":"Vector","np":2,"cix":2,"bm":0,"ix":1,"mn":"ADBE Vector Group","hd":false}],"ip":0,"op":600,"st":0,"bm":0},{"ddd":0,"ind":30,"ty":4,"nm":"Shadow 1","sr":1,"ks":{"o":{"a":0,"k":100,"ix":11},"r":{"a":0,"k":0,"ix":10},"p":{"a":0,"k":[753.001,509.999,0],"ix":2},"a":{"a":0,"k":[0,0,0],"ix":1},"s":{"a":0,"k":[100,100,100],"ix":6}},"ao":0,"shapes":[{"ty":"gr","it":[{"ind":0,"ty":"sh","ix":1,"ks":{"a":0,"k":{"i":[[0,-4.639],[82.07,0],[0,4.639],[-82.07,0]],"o":[[0,4.639],[-82.07,0],[0,-4.639],[82.07,0]],"v":[[148.6,0],[0,8.4],[-148.6,0],[0,-8.4]],"c":true},"ix":2},"nm":"Path 1","mn":"ADBE Vector Shape - Group","hd":false},{"ty":"fl","c":{"a":0,"k":[0.592156887054,0.737254917622,0.341176480055,1],"ix":4},"o":{"a":0,"k":100,"ix":5},"r":1,"bm":0,"nm":"Fill 1","mn":"ADBE Vector Graphic - Fill","hd":false},{"ty":"tr","p":{"a":0,"k":[0,0],"ix":2},"a":{"a":0,"k":[0,0],"ix":1},"s":{"a":0,"k":[300,300],"ix":3},"r":{"a":0,"k":0,"ix":6},"o":{"a":0,"k":100,"ix":7},"sk":{"a":0,"k":0,"ix":4},"sa":{"a":0,"k":0,"ix":5},"nm":"Transform"}],"nm":"Vector","np":2,"cix":2,"bm":0,"ix":1,"mn":"ADBE Vector Group","hd":false}],"ip":0,"op":600,"st":0,"bm":0},{"ddd":0,"ind":31,"ty":4,"nm":"Plants","sr":1,"ks":{"o":{"a":0,"k":100,"ix":11},"r":{"a":0,"k":0,"ix":10},"p":{"a":0,"k":[319.538,434.645,0],"ix":2},"a":{"a":0,"k":[0,0,0],"ix":1},"s":{"a":0,"k":[100,100,100],"ix":6}},"ao":0,"shapes":[{"ty":"gr","it":[{"ind":0,"ty":"sh","ix":1,"ks":{"a":0,"k":{"i":[[-1.4,-3.8],[12.2,-4.5],[-3.4,0],[-3.4,1.8],[-5.3,-3.7],[-2.3,-8.9],[-1.7,-14.4]],"o":[[1.4,3.8],[-24.3,9],[-2,-0.9],[-3.7,-5.3],[-0.9,-6.9],[0,0],[-0.1,-2]],"v":[[18.987,-0.982],[0.587,9.518],[-16.713,8.018],[-16.913,2.018],[-8.613,-6.282],[1.487,-7.882],[12.287,-1.882]],"c":true},"ix":2},"nm":"Path 1","mn":"ADBE Vector Shape - Group","hd":false},{"ty":"fl","c":{"a":0,"k":[0.537254929543,0.729411780834,0.337254911661,1],"ix":4},"o":{"a":0,"k":100,"ix":5},"r":1,"bm":0,"nm":"Fill 1","mn":"ADBE Vector Graphic - Fill","hd":false},{"ty":"tr","p":{"a":0,"k":[0,0],"ix":2},"a":{"a":0,"k":[0,0],"ix":1},"s":{"a":0,"k":[300,300],"ix":3},"r":{"a":0,"k":0,"ix":6},"o":{"a":0,"k":100,"ix":7},"sk":{"a":0,"k":0,"ix":4},"sa":{"a":0,"k":0,"ix":5},"nm":"Transform"}],"nm":"Vector","np":2,"cix":2,"bm":0,"ix":1,"mn":"ADBE Vector Group","hd":false}],"ip":0,"op":600,"st":0,"bm":0},{"ddd":0,"ind":32,"ty":4,"nm":"Surface","sr":1,"ks":{"o":{"a":0,"k":100,"ix":11},"r":{"a":0,"k":0,"ix":10},"p":{"a":0,"k":[757.501,482.851,0],"ix":2},"a":{"a":0,"k":[0,0,0],"ix":1},"s":{"a":0,"k":[100,100,100],"ix":6}},"ao":0,"shapes":[{"ty":"gr","it":[{"ind":0,"ty":"sh","ix":1,"ks":{"a":0,"k":{"i":[[1.1,1.4],[0.1,-0.1],[6.6,-9.7],[1.9,-2.3],[3.7,-5.3],[-0.4,-3.4],[-0.1,-0.3],[-4.5,-1.8],[-1.7,-0.5],[0,0],[-7.7,-0.9],[0,0],[-7.3,-0.4],[0,0],[-7,-0.2],[0,0],[-6.6,-0.1],[0,0],[-6.3,0],[0,0],[-5.8,0.1],[0,0],[-0.3,0],[-1.6,0],[-1.7,0],[-1.6,0],[0,0],[-0.9,0],[0,0],[-6,0.3],[0,0],[-5.8,0.7],[0,0],[-5,1.4],[0,0],[-1.1,3.3],[0,0.3],[1.1,2.4],[1.3,2],[1,1.4],[0.3,0.4]],"o":[[-4.6,-5.8],[-8.6,-9.9],[-0.1,0],[-4.6,5.6],[-4.2,6],[0,0.3],[0.8,2.5],[1.3,0.5],[0,0],[5,1.4],[0,0],[5.8,0.6],[0,0],[6,0.3],[0,0],[6,0.2],[0,0],[5.8,0.1],[0,0],[6.3,0],[0,0],[0.3,0],[1.6,-0.1],[1.8,0],[1.7,0],[0,0],[0.9,0],[0,0],[7,-0.2],[0,0],[7.3,-0.4],[0,0],[7.7,-0.9],[0,0],[7.2,-2],[0.1,-0.3],[0.2,-1.7],[-0.8,-1.7],[-0.8,-1.3],[-0.3,-0.4],[-1,-1.4]],"v":[[169,-6.05],[154.6,-23.15],[-154.8,-23.05],[-160.5,-16.55],[-173.7,0.25],[-180.3,15.05],[-180.1,15.95],[-172,22.35],[-167.5,23.85],[-166.9,24.05],[-147.8,27.45],[-147.3,27.55],[-127.6,29.15],[-127.1,29.15],[-107.7,29.95],[-107.2,29.95],[-88.3,30.35],[-87.9,30.35],[-69.7,30.45],[-69.3,30.45],[-51.1,30.35],[-50.7,30.35],[-49.7,30.35],[-45,30.25],[-39.7,30.15],[-34.7,30.05],[-34.6,30.05],[-31.9,29.95],[-31.4,29.95],[127.1,29.15],[127.6,29.15],[147.3,27.55],[147.8,27.45],[166.9,24.05],[167.5,23.85],[180.1,15.95],[180.3,15.05],[178.8,8.85],[175.7,3.25],[173,-0.75],[172.1,-1.95]],"c":true},"ix":2},"nm":"Path 1","mn":"ADBE Vector Shape - Group","hd":false},{"ty":"fl","c":{"a":0,"k":[0.72549021244,0.878431379795,0.529411792755,1],"ix":4},"o":{"a":0,"k":100,"ix":5},"r":1,"bm":0,"nm":"Fill 1","mn":"ADBE Vector Graphic - Fill","hd":false},{"ty":"tr","p":{"a":0,"k":[0,0],"ix":2},"a":{"a":0,"k":[0,0],"ix":1},"s":{"a":0,"k":[300,300],"ix":3},"r":{"a":0,"k":0,"ix":6},"o":{"a":0,"k":100,"ix":7},"sk":{"a":0,"k":0,"ix":4},"sa":{"a":0,"k":0,"ix":5},"nm":"Transform"}],"nm":"Vector","np":2,"cix":2,"bm":0,"ix":1,"mn":"ADBE Vector Group","hd":false}],"ip":0,"op":600,"st":0,"bm":0},{"ddd":0,"ind":33,"ty":4,"nm":"Surface","sr":1,"ks":{"o":{"a":0,"k":100,"ix":11},"r":{"a":0,"k":0,"ix":10},"p":{"a":0,"k":[756.901,515.252,0],"ix":2},"a":{"a":0,"k":[0,0,0],"ix":1},"s":{"a":0,"k":[100,100,100],"ix":6}},"ao":0,"shapes":[{"ty":"gr","it":[{"ind":0,"ty":"sh","ix":1,"ks":{"a":0,"k":{"i":[[0,0],[-6.5,-6],[-3.3,-3.1],[-1.3,-1.3],[-0.1,-0.2],[0,0],[8.2,-3.1],[35.3,0],[1.3,0],[0.9,0],[0.5,0],[0.9,0],[0,0],[1.9,0],[0,0],[3.5,0],[2.6,0],[0,0],[5.7,0.1],[0,0],[5.9,0.2],[0,0],[5.9,0.3],[0,0],[5.8,0.7],[4.8,1.2],[0.2,0.1],[0.1,5.2],[-6.2,5.7],[-3.6,4.6]],"o":[[2.6,3.3],[4,3.7],[3,2.7],[0.5,0.5],[0,0],[-0.2,8.9],[-24.1,9.2],[-1.3,0],[-0.9,0.1],[-0.5,0],[-0.9,0],[0,0],[-1.8,0.1],[0,0],[-3.3,0.1],[-2.5,0],[0,0],[-6.2,0],[0,0],[-6.6,-0.1],[0,0],[-6.9,-0.2],[0,0],[-7.3,-0.4],[-7.2,-0.9],[-0.2,0],[-14.2,-4.5],[0.6,-1],[8.4,-7.7],[0,0]],"v":[[146,-28.85],[161.4,-13.45],[172.8,-3.05],[179.5,3.25],[180.4,4.25],[180.4,4.35],[164.3,20.75],[-35.1,28.55],[-39.1,28.65],[-41.8,28.75],[-43.2,28.75],[-45.9,28.75],[-46,28.75],[-51.6,28.85],[-51.7,28.85],[-61.9,28.95],[-69.6,28.95],[-69.8,28.95],[-87.8,28.85],[-87.9,28.85],[-106.6,28.45],[-106.7,28.45],[-125.9,27.65],[-126,27.65],[-145.6,26.05],[-163.6,22.95],[-164.3,22.75],[-180.4,4.25],[-168.5,-7.05],[-146,-28.95]],"c":false},"ix":2},"nm":"Path 1","mn":"ADBE Vector Shape - Group","hd":false},{"ty":"fl","c":{"a":0,"k":[0.40000000596,0.600000023842,0.168627455831,1],"ix":4},"o":{"a":0,"k":100,"ix":5},"r":1,"bm":0,"nm":"Fill 1","mn":"ADBE Vector Graphic - Fill","hd":false},{"ty":"tr","p":{"a":0,"k":[0,0],"ix":2},"a":{"a":0,"k":[0,0],"ix":1},"s":{"a":0,"k":[300,300],"ix":3},"r":{"a":0,"k":0,"ix":6},"o":{"a":0,"k":100,"ix":7},"sk":{"a":0,"k":0,"ix":4},"sa":{"a":0,"k":0,"ix":5},"nm":"Transform"}],"nm":"Vector","np":2,"cix":2,"bm":0,"ix":1,"mn":"ADBE Vector Group","hd":false}],"ip":0,"op":600,"st":0,"bm":0},{"ddd":0,"ind":34,"ty":4,"nm":"Blue BG","sr":1,"ks":{"o":{"a":0,"k":100,"ix":11},"r":{"a":0,"k":0,"ix":10},"p":{"a":0,"k":[750,277.5,0],"ix":2},"a":{"a":0,"k":[0,0,0],"ix":1},"s":{"a":0,"k":[100,100,100],"ix":6}},"ao":0,"shapes":[{"ty":"gr","it":[{"ind":0,"ty":"sh","ix":1,"ks":{"a":0,"k":{"i":[[0,0],[0,-3.626],[0,0],[-118.5,0],[0,0],[0,0],[4.4,0]],"o":[[-4.4,0],[0,0],[0,0],[139,0],[0,0],[0,-3.626],[0,0]],"v":[[-242,-92.5],[-250,-85.907],[-250,70.5],[-2,92.5],[250,69.5],[250,-85.907],[242,-92.5]],"c":true},"ix":2},"nm":"Path 1","mn":"ADBE Vector Shape - Group","hd":false},{"ty":"fl","c":{"a":0,"k":[0.847058832645,0.956862747669,0.952941179276,1],"ix":4},"o":{"a":0,"k":100,"ix":5},"r":1,"bm":0,"nm":"Fill 1","mn":"ADBE Vector Graphic - Fill","hd":false},{"ty":"tr","p":{"a":0,"k":[0,0],"ix":2},"a":{"a":0,"k":[0,0],"ix":1},"s":{"a":0,"k":[300,300],"ix":3},"r":{"a":0,"k":0,"ix":6},"o":{"a":0,"k":100,"ix":7},"sk":{"a":0,"k":0,"ix":4},"sa":{"a":0,"k":0,"ix":5},"nm":"Transform"}],"nm":"Vector","np":2,"cix":2,"bm":0,"ix":1,"mn":"ADBE Vector Group","hd":false}],"ip":0,"op":600,"st":0,"bm":0}]},{"id":"comp_1","layers":[{"ddd":0,"ind":1,"ty":4,"nm":"Mask 10","sr":1,"ks":{"o":{"a":1,"k":[{"i":{"x":[0.667],"y":[1]},"o":{"x":[0.333],"y":[0]},"t":310.31,"s":[0]},{"i":{"x":[0.833],"y":[1]},"o":{"x":[0.333],"y":[0]},"t":332.332,"s":[100]},{"i":{"x":[0.833],"y":[1]},"o":{"x":[0.167],"y":[0]},"t":352.352,"s":[100]},{"t":360.36036036036,"s":[0]}],"ix":11},"r":{"a":0,"k":0,"ix":10},"p":{"a":0,"k":[12,8.236,0],"ix":2},"a":{"a":0,"k":[0,0,0],"ix":1},"s":{"a":0,"k":[100,100,100],"ix":6}},"ao":0,"shapes":[{"ty":"gr","it":[{"ind":0,"ty":"sh","ix":1,"ks":{"a":0,"k":{"i":[[0,0],[-0.89,0],[0,0],[0.63,0.63],[0,0],[0.39,-0.39],[0,0]],"o":[[-0.63,0.63],[0,0],[0.891,0],[0,0],[-0.39,-0.39],[0,0],[0,0]],"v":[[-3.294,0.586],[-2.594,2.296],[2.586,2.296],[3.296,0.586],[0.706,-2.004],[-0.704,-2.004],[-3.294,0.586]],"c":false},"ix":2},"nm":"Path 1","mn":"ADBE Vector Shape - Group","hd":false},{"ty":"fl","c":{"a":0,"k":[0.309803932905,0.819607853889,0.352941185236,1],"ix":4},"o":{"a":0,"k":100,"ix":5},"r":1,"bm":0,"nm":"Fill 1","mn":"ADBE Vector Graphic - Fill","hd":false},{"ty":"tr","p":{"a":0,"k":[0,0],"ix":2},"a":{"a":0,"k":[0,0],"ix":1},"s":{"a":0,"k":[300,300],"ix":3},"r":{"a":0,"k":0,"ix":6},"o":{"a":0,"k":100,"ix":7},"sk":{"a":0,"k":0,"ix":4},"sa":{"a":0,"k":0,"ix":5},"nm":"Transform"}],"nm":"Mask","np":2,"cix":2,"bm":0,"ix":1,"mn":"ADBE Vector Group","hd":false}],"ip":310.31031031031,"op":360.36036036036,"st":310.31031031031,"bm":0},{"ddd":0,"ind":2,"ty":4,"nm":"Mask 11","sr":1,"ks":{"o":{"a":1,"k":[{"i":{"x":[0.667],"y":[1]},"o":{"x":[0.333],"y":[0]},"t":290.29,"s":[0]},{"i":{"x":[0.833],"y":[1]},"o":{"x":[0.333],"y":[0]},"t":310.31,"s":[50]},{"i":{"x":[0.833],"y":[1]},"o":{"x":[0.167],"y":[0]},"t":352.352,"s":[50]},{"t":360.36036036036,"s":[0]}],"ix":11},"r":{"a":0,"k":0,"ix":10},"p":{"a":0,"k":[12,20,0],"ix":2},"a":{"a":0,"k":[0,0,0],"ix":1},"s":{"a":0,"k":[100,100,100],"ix":6}},"ao":0,"shapes":[{"ty":"gr","it":[{"ind":0,"ty":"sh","ix":1,"ks":{"a":0,"k":{"i":[[0,0],[-0.89,0],[0,0],[0.63,0.63],[0,0],[0.39,-0.39],[0,0]],"o":[[-0.63,0.63],[0,0],[0.891,0],[0,0],[-0.39,-0.39],[0,0],[0,0]],"v":[[-3.294,0.586],[-2.594,2.296],[2.586,2.296],[3.296,0.586],[0.706,-2.004],[-0.704,-2.004],[-3.294,0.586]],"c":false},"ix":2},"nm":"Path 1","mn":"ADBE Vector Shape - Group","hd":false},{"ty":"fl","c":{"a":0,"k":[0.309803932905,0.819607853889,0.352941185236,1],"ix":4},"o":{"a":0,"k":100,"ix":5},"r":1,"bm":0,"nm":"Fill 1","mn":"ADBE Vector Graphic - Fill","hd":false},{"ty":"tr","p":{"a":0,"k":[0,0],"ix":2},"a":{"a":0,"k":[0,0],"ix":1},"s":{"a":0,"k":[300,300],"ix":3},"r":{"a":0,"k":0,"ix":6},"o":{"a":0,"k":100,"ix":7},"sk":{"a":0,"k":0,"ix":4},"sa":{"a":0,"k":0,"ix":5},"nm":"Transform"}],"nm":"Mask","np":2,"cix":2,"bm":0,"ix":1,"mn":"ADBE Vector Group","hd":false}],"ip":290.29029029029,"op":360.36036036036,"st":290.29029029029,"bm":0},{"ddd":0,"ind":3,"ty":4,"nm":"Mask 12","sr":1,"ks":{"o":{"a":1,"k":[{"i":{"x":[0.667],"y":[1]},"o":{"x":[0.333],"y":[0]},"t":270.27,"s":[0]},{"i":{"x":[0.833],"y":[1]},"o":{"x":[0.333],"y":[0]},"t":290.29,"s":[20]},{"i":{"x":[0.833],"y":[1]},"o":{"x":[0.167],"y":[0]},"t":352.352,"s":[20]},{"t":360.36036036036,"s":[0]}],"ix":11},"r":{"a":0,"k":0,"ix":10},"p":{"a":0,"k":[12,31.014,0],"ix":2},"a":{"a":0,"k":[0,0,0],"ix":1},"s":{"a":0,"k":[100,100,100],"ix":6}},"ao":0,"shapes":[{"ty":"gr","it":[{"ind":0,"ty":"sh","ix":1,"ks":{"a":0,"k":{"i":[[0,0],[-0.89,0],[0,0],[0.63,0.63],[0,0],[0.39,-0.39],[0,0]],"o":[[-0.63,0.63],[0,0],[0.891,0],[0,0],[-0.39,-0.39],[0,0],[0,0]],"v":[[-3.294,0.586],[-2.594,2.296],[2.586,2.296],[3.296,0.586],[0.706,-2.004],[-0.704,-2.004],[-3.294,0.586]],"c":false},"ix":2},"nm":"Path 1","mn":"ADBE Vector Shape - Group","hd":false},{"ty":"fl","c":{"a":0,"k":[0.309803932905,0.819607853889,0.352941185236,1],"ix":4},"o":{"a":0,"k":100,"ix":5},"r":1,"bm":0,"nm":"Fill 1","mn":"ADBE Vector Graphic - Fill","hd":false},{"ty":"tr","p":{"a":0,"k":[0,0],"ix":2},"a":{"a":0,"k":[0,0],"ix":1},"s":{"a":0,"k":[300,300],"ix":3},"r":{"a":0,"k":0,"ix":6},"o":{"a":0,"k":100,"ix":7},"sk":{"a":0,"k":0,"ix":4},"sa":{"a":0,"k":0,"ix":5},"nm":"Transform"}],"nm":"Mask","np":2,"cix":2,"bm":0,"ix":1,"mn":"ADBE Vector Group","hd":false}],"ip":270.27027027027,"op":360.36036036036,"st":270.27027027027,"bm":0},{"ddd":0,"ind":4,"ty":4,"nm":"Mask 7","sr":1,"ks":{"o":{"a":1,"k":[{"i":{"x":[0.667],"y":[1]},"o":{"x":[0.333],"y":[0]},"t":220.22,"s":[0]},{"i":{"x":[0.833],"y":[1]},"o":{"x":[0.333],"y":[0]},"t":242.242,"s":[100]},{"i":{"x":[0.833],"y":[1]},"o":{"x":[0.167],"y":[0]},"t":262.262,"s":[100]},{"t":270.27027027027,"s":[0]}],"ix":11},"r":{"a":0,"k":0,"ix":10},"p":{"a":0,"k":[12,8.236,0],"ix":2},"a":{"a":0,"k":[0,0,0],"ix":1},"s":{"a":0,"k":[100,100,100],"ix":6}},"ao":0,"shapes":[{"ty":"gr","it":[{"ind":0,"ty":"sh","ix":1,"ks":{"a":0,"k":{"i":[[0,0],[-0.89,0],[0,0],[0.63,0.63],[0,0],[0.39,-0.39],[0,0]],"o":[[-0.63,0.63],[0,0],[0.891,0],[0,0],[-0.39,-0.39],[0,0],[0,0]],"v":[[-3.294,0.586],[-2.594,2.296],[2.586,2.296],[3.296,0.586],[0.706,-2.004],[-0.704,-2.004],[-3.294,0.586]],"c":false},"ix":2},"nm":"Path 1","mn":"ADBE Vector Shape - Group","hd":false},{"ty":"fl","c":{"a":0,"k":[0.309803932905,0.819607853889,0.352941185236,1],"ix":4},"o":{"a":0,"k":100,"ix":5},"r":1,"bm":0,"nm":"Fill 1","mn":"ADBE Vector Graphic - Fill","hd":false},{"ty":"tr","p":{"a":0,"k":[0,0],"ix":2},"a":{"a":0,"k":[0,0],"ix":1},"s":{"a":0,"k":[300,300],"ix":3},"r":{"a":0,"k":0,"ix":6},"o":{"a":0,"k":100,"ix":7},"sk":{"a":0,"k":0,"ix":4},"sa":{"a":0,"k":0,"ix":5},"nm":"Transform"}],"nm":"Mask","np":2,"cix":2,"bm":0,"ix":1,"mn":"ADBE Vector Group","hd":false}],"ip":220.22022022022,"op":270.27027027027,"st":220.22022022022,"bm":0},{"ddd":0,"ind":5,"ty":4,"nm":"Mask 8","sr":1,"ks":{"o":{"a":1,"k":[{"i":{"x":[0.667],"y":[1]},"o":{"x":[0.333],"y":[0]},"t":200.2,"s":[0]},{"i":{"x":[0.833],"y":[1]},"o":{"x":[0.333],"y":[0]},"t":220.22,"s":[50]},{"i":{"x":[0.833],"y":[1]},"o":{"x":[0.167],"y":[0]},"t":262.262,"s":[50]},{"t":270.27027027027,"s":[0]}],"ix":11},"r":{"a":0,"k":0,"ix":10},"p":{"a":0,"k":[12,20,0],"ix":2},"a":{"a":0,"k":[0,0,0],"ix":1},"s":{"a":0,"k":[100,100,100],"ix":6}},"ao":0,"shapes":[{"ty":"gr","it":[{"ind":0,"ty":"sh","ix":1,"ks":{"a":0,"k":{"i":[[0,0],[-0.89,0],[0,0],[0.63,0.63],[0,0],[0.39,-0.39],[0,0]],"o":[[-0.63,0.63],[0,0],[0.891,0],[0,0],[-0.39,-0.39],[0,0],[0,0]],"v":[[-3.294,0.586],[-2.594,2.296],[2.586,2.296],[3.296,0.586],[0.706,-2.004],[-0.704,-2.004],[-3.294,0.586]],"c":false},"ix":2},"nm":"Path 1","mn":"ADBE Vector Shape - Group","hd":false},{"ty":"fl","c":{"a":0,"k":[0.309803932905,0.819607853889,0.352941185236,1],"ix":4},"o":{"a":0,"k":100,"ix":5},"r":1,"bm":0,"nm":"Fill 1","mn":"ADBE Vector Graphic - Fill","hd":false},{"ty":"tr","p":{"a":0,"k":[0,0],"ix":2},"a":{"a":0,"k":[0,0],"ix":1},"s":{"a":0,"k":[300,300],"ix":3},"r":{"a":0,"k":0,"ix":6},"o":{"a":0,"k":100,"ix":7},"sk":{"a":0,"k":0,"ix":4},"sa":{"a":0,"k":0,"ix":5},"nm":"Transform"}],"nm":"Mask","np":2,"cix":2,"bm":0,"ix":1,"mn":"ADBE Vector Group","hd":false}],"ip":200.2002002002,"op":270.27027027027,"st":200.2002002002,"bm":0},{"ddd":0,"ind":6,"ty":4,"nm":"Mask 9","sr":1,"ks":{"o":{"a":1,"k":[{"i":{"x":[0.667],"y":[1]},"o":{"x":[0.333],"y":[0]},"t":180.18,"s":[0]},{"i":{"x":[0.833],"y":[1]},"o":{"x":[0.333],"y":[0]},"t":200.2,"s":[20]},{"i":{"x":[0.833],"y":[1]},"o":{"x":[0.167],"y":[0]},"t":262.262,"s":[20]},{"t":270.27027027027,"s":[0]}],"ix":11},"r":{"a":0,"k":0,"ix":10},"p":{"a":0,"k":[12,31.014,0],"ix":2},"a":{"a":0,"k":[0,0,0],"ix":1},"s":{"a":0,"k":[100,100,100],"ix":6}},"ao":0,"shapes":[{"ty":"gr","it":[{"ind":0,"ty":"sh","ix":1,"ks":{"a":0,"k":{"i":[[0,0],[-0.89,0],[0,0],[0.63,0.63],[0,0],[0.39,-0.39],[0,0]],"o":[[-0.63,0.63],[0,0],[0.891,0],[0,0],[-0.39,-0.39],[0,0],[0,0]],"v":[[-3.294,0.586],[-2.594,2.296],[2.586,2.296],[3.296,0.586],[0.706,-2.004],[-0.704,-2.004],[-3.294,0.586]],"c":false},"ix":2},"nm":"Path 1","mn":"ADBE Vector Shape - Group","hd":false},{"ty":"fl","c":{"a":0,"k":[0.309803932905,0.819607853889,0.352941185236,1],"ix":4},"o":{"a":0,"k":100,"ix":5},"r":1,"bm":0,"nm":"Fill 1","mn":"ADBE Vector Graphic - Fill","hd":false},{"ty":"tr","p":{"a":0,"k":[0,0],"ix":2},"a":{"a":0,"k":[0,0],"ix":1},"s":{"a":0,"k":[300,300],"ix":3},"r":{"a":0,"k":0,"ix":6},"o":{"a":0,"k":100,"ix":7},"sk":{"a":0,"k":0,"ix":4},"sa":{"a":0,"k":0,"ix":5},"nm":"Transform"}],"nm":"Mask","np":2,"cix":2,"bm":0,"ix":1,"mn":"ADBE Vector Group","hd":false}],"ip":180.18018018018,"op":270.27027027027,"st":180.18018018018,"bm":0},{"ddd":0,"ind":7,"ty":4,"nm":"Mask 4","sr":1,"ks":{"o":{"a":1,"k":[{"i":{"x":[0.667],"y":[1]},"o":{"x":[0.333],"y":[0]},"t":130.13,"s":[0]},{"i":{"x":[0.833],"y":[1]},"o":{"x":[0.333],"y":[0]},"t":152.152,"s":[100]},{"i":{"x":[0.833],"y":[1]},"o":{"x":[0.167],"y":[0]},"t":172.172,"s":[100]},{"t":180.18018018018,"s":[0]}],"ix":11},"r":{"a":0,"k":0,"ix":10},"p":{"a":0,"k":[12,8.236,0],"ix":2},"a":{"a":0,"k":[0,0,0],"ix":1},"s":{"a":0,"k":[100,100,100],"ix":6}},"ao":0,"shapes":[{"ty":"gr","it":[{"ind":0,"ty":"sh","ix":1,"ks":{"a":0,"k":{"i":[[0,0],[-0.89,0],[0,0],[0.63,0.63],[0,0],[0.39,-0.39],[0,0]],"o":[[-0.63,0.63],[0,0],[0.891,0],[0,0],[-0.39,-0.39],[0,0],[0,0]],"v":[[-3.294,0.586],[-2.594,2.296],[2.586,2.296],[3.296,0.586],[0.706,-2.004],[-0.704,-2.004],[-3.294,0.586]],"c":false},"ix":2},"nm":"Path 1","mn":"ADBE Vector Shape - Group","hd":false},{"ty":"fl","c":{"a":0,"k":[0.309803932905,0.819607853889,0.352941185236,1],"ix":4},"o":{"a":0,"k":100,"ix":5},"r":1,"bm":0,"nm":"Fill 1","mn":"ADBE Vector Graphic - Fill","hd":false},{"ty":"tr","p":{"a":0,"k":[0,0],"ix":2},"a":{"a":0,"k":[0,0],"ix":1},"s":{"a":0,"k":[300,300],"ix":3},"r":{"a":0,"k":0,"ix":6},"o":{"a":0,"k":100,"ix":7},"sk":{"a":0,"k":0,"ix":4},"sa":{"a":0,"k":0,"ix":5},"nm":"Transform"}],"nm":"Mask","np":2,"cix":2,"bm":0,"ix":1,"mn":"ADBE Vector Group","hd":false}],"ip":130.13013013013,"op":180.18018018018,"st":130.13013013013,"bm":0},{"ddd":0,"ind":8,"ty":4,"nm":"Mask 5","sr":1,"ks":{"o":{"a":1,"k":[{"i":{"x":[0.667],"y":[1]},"o":{"x":[0.333],"y":[0]},"t":110.11,"s":[0]},{"i":{"x":[0.833],"y":[1]},"o":{"x":[0.333],"y":[0]},"t":130.13,"s":[50]},{"i":{"x":[0.833],"y":[1]},"o":{"x":[0.167],"y":[0]},"t":172.172,"s":[50]},{"t":180.18018018018,"s":[0]}],"ix":11},"r":{"a":0,"k":0,"ix":10},"p":{"a":0,"k":[12,20,0],"ix":2},"a":{"a":0,"k":[0,0,0],"ix":1},"s":{"a":0,"k":[100,100,100],"ix":6}},"ao":0,"shapes":[{"ty":"gr","it":[{"ind":0,"ty":"sh","ix":1,"ks":{"a":0,"k":{"i":[[0,0],[-0.89,0],[0,0],[0.63,0.63],[0,0],[0.39,-0.39],[0,0]],"o":[[-0.63,0.63],[0,0],[0.891,0],[0,0],[-0.39,-0.39],[0,0],[0,0]],"v":[[-3.294,0.586],[-2.594,2.296],[2.586,2.296],[3.296,0.586],[0.706,-2.004],[-0.704,-2.004],[-3.294,0.586]],"c":false},"ix":2},"nm":"Path 1","mn":"ADBE Vector Shape - Group","hd":false},{"ty":"fl","c":{"a":0,"k":[0.309803932905,0.819607853889,0.352941185236,1],"ix":4},"o":{"a":0,"k":100,"ix":5},"r":1,"bm":0,"nm":"Fill 1","mn":"ADBE Vector Graphic - Fill","hd":false},{"ty":"tr","p":{"a":0,"k":[0,0],"ix":2},"a":{"a":0,"k":[0,0],"ix":1},"s":{"a":0,"k":[300,300],"ix":3},"r":{"a":0,"k":0,"ix":6},"o":{"a":0,"k":100,"ix":7},"sk":{"a":0,"k":0,"ix":4},"sa":{"a":0,"k":0,"ix":5},"nm":"Transform"}],"nm":"Mask","np":2,"cix":2,"bm":0,"ix":1,"mn":"ADBE Vector Group","hd":false}],"ip":110.11011011011,"op":180.18018018018,"st":110.11011011011,"bm":0},{"ddd":0,"ind":9,"ty":4,"nm":"Mask 6","sr":1,"ks":{"o":{"a":1,"k":[{"i":{"x":[0.667],"y":[1]},"o":{"x":[0.333],"y":[0]},"t":90.09,"s":[0]},{"i":{"x":[0.833],"y":[1]},"o":{"x":[0.333],"y":[0]},"t":110.11,"s":[20]},{"i":{"x":[0.833],"y":[1]},"o":{"x":[0.167],"y":[0]},"t":172.172,"s":[20]},{"t":180.18018018018,"s":[0]}],"ix":11},"r":{"a":0,"k":0,"ix":10},"p":{"a":0,"k":[12,31.014,0],"ix":2},"a":{"a":0,"k":[0,0,0],"ix":1},"s":{"a":0,"k":[100,100,100],"ix":6}},"ao":0,"shapes":[{"ty":"gr","it":[{"ind":0,"ty":"sh","ix":1,"ks":{"a":0,"k":{"i":[[0,0],[-0.89,0],[0,0],[0.63,0.63],[0,0],[0.39,-0.39],[0,0]],"o":[[-0.63,0.63],[0,0],[0.891,0],[0,0],[-0.39,-0.39],[0,0],[0,0]],"v":[[-3.294,0.586],[-2.594,2.296],[2.586,2.296],[3.296,0.586],[0.706,-2.004],[-0.704,-2.004],[-3.294,0.586]],"c":false},"ix":2},"nm":"Path 1","mn":"ADBE Vector Shape - Group","hd":false},{"ty":"fl","c":{"a":0,"k":[0.309803932905,0.819607853889,0.352941185236,1],"ix":4},"o":{"a":0,"k":100,"ix":5},"r":1,"bm":0,"nm":"Fill 1","mn":"ADBE Vector Graphic - Fill","hd":false},{"ty":"tr","p":{"a":0,"k":[0,0],"ix":2},"a":{"a":0,"k":[0,0],"ix":1},"s":{"a":0,"k":[300,300],"ix":3},"r":{"a":0,"k":0,"ix":6},"o":{"a":0,"k":100,"ix":7},"sk":{"a":0,"k":0,"ix":4},"sa":{"a":0,"k":0,"ix":5},"nm":"Transform"}],"nm":"Mask","np":2,"cix":2,"bm":0,"ix":1,"mn":"ADBE Vector Group","hd":false}],"ip":90.0900900900901,"op":180.18018018018,"st":90.0900900900901,"bm":0},{"ddd":0,"ind":10,"ty":4,"nm":"Mask","sr":1,"ks":{"o":{"a":1,"k":[{"i":{"x":[0.667],"y":[1]},"o":{"x":[0.333],"y":[0]},"t":40.04,"s":[0]},{"i":{"x":[0.833],"y":[1]},"o":{"x":[0.333],"y":[0]},"t":62.062,"s":[100]},{"i":{"x":[0.833],"y":[1]},"o":{"x":[0.167],"y":[0]},"t":82.082,"s":[100]},{"t":90.0900900900901,"s":[0]}],"ix":11},"r":{"a":0,"k":0,"ix":10},"p":{"a":0,"k":[12,8.236,0],"ix":2},"a":{"a":0,"k":[0,0,0],"ix":1},"s":{"a":0,"k":[100,100,100],"ix":6}},"ao":0,"shapes":[{"ty":"gr","it":[{"ind":0,"ty":"sh","ix":1,"ks":{"a":0,"k":{"i":[[0,0],[-0.89,0],[0,0],[0.63,0.63],[0,0],[0.39,-0.39],[0,0]],"o":[[-0.63,0.63],[0,0],[0.891,0],[0,0],[-0.39,-0.39],[0,0],[0,0]],"v":[[-3.294,0.586],[-2.594,2.296],[2.586,2.296],[3.296,0.586],[0.706,-2.004],[-0.704,-2.004],[-3.294,0.586]],"c":false},"ix":2},"nm":"Path 1","mn":"ADBE Vector Shape - Group","hd":false},{"ty":"fl","c":{"a":0,"k":[0.309803932905,0.819607853889,0.352941185236,1],"ix":4},"o":{"a":0,"k":100,"ix":5},"r":1,"bm":0,"nm":"Fill 1","mn":"ADBE Vector Graphic - Fill","hd":false},{"ty":"tr","p":{"a":0,"k":[0,0],"ix":2},"a":{"a":0,"k":[0,0],"ix":1},"s":{"a":0,"k":[300,300],"ix":3},"r":{"a":0,"k":0,"ix":6},"o":{"a":0,"k":100,"ix":7},"sk":{"a":0,"k":0,"ix":4},"sa":{"a":0,"k":0,"ix":5},"nm":"Transform"}],"nm":"Mask","np":2,"cix":2,"bm":0,"ix":1,"mn":"ADBE Vector Group","hd":false}],"ip":40.04004004004,"op":90.0900900900901,"st":40.04004004004,"bm":0},{"ddd":0,"ind":11,"ty":4,"nm":"Mask 2","sr":1,"ks":{"o":{"a":1,"k":[{"i":{"x":[0.667],"y":[1]},"o":{"x":[0.333],"y":[0]},"t":20.02,"s":[0]},{"i":{"x":[0.833],"y":[1]},"o":{"x":[0.333],"y":[0]},"t":40.04,"s":[50]},{"i":{"x":[0.833],"y":[1]},"o":{"x":[0.167],"y":[0]},"t":82.082,"s":[50]},{"t":90.0900900900901,"s":[0]}],"ix":11},"r":{"a":0,"k":0,"ix":10},"p":{"a":0,"k":[12,20,0],"ix":2},"a":{"a":0,"k":[0,0,0],"ix":1},"s":{"a":0,"k":[100,100,100],"ix":6}},"ao":0,"shapes":[{"ty":"gr","it":[{"ind":0,"ty":"sh","ix":1,"ks":{"a":0,"k":{"i":[[0,0],[-0.89,0],[0,0],[0.63,0.63],[0,0],[0.39,-0.39],[0,0]],"o":[[-0.63,0.63],[0,0],[0.891,0],[0,0],[-0.39,-0.39],[0,0],[0,0]],"v":[[-3.294,0.586],[-2.594,2.296],[2.586,2.296],[3.296,0.586],[0.706,-2.004],[-0.704,-2.004],[-3.294,0.586]],"c":false},"ix":2},"nm":"Path 1","mn":"ADBE Vector Shape - Group","hd":false},{"ty":"fl","c":{"a":0,"k":[0.309803932905,0.819607853889,0.352941185236,1],"ix":4},"o":{"a":0,"k":100,"ix":5},"r":1,"bm":0,"nm":"Fill 1","mn":"ADBE Vector Graphic - Fill","hd":false},{"ty":"tr","p":{"a":0,"k":[0,0],"ix":2},"a":{"a":0,"k":[0,0],"ix":1},"s":{"a":0,"k":[300,300],"ix":3},"r":{"a":0,"k":0,"ix":6},"o":{"a":0,"k":100,"ix":7},"sk":{"a":0,"k":0,"ix":4},"sa":{"a":0,"k":0,"ix":5},"nm":"Transform"}],"nm":"Mask","np":2,"cix":2,"bm":0,"ix":1,"mn":"ADBE Vector Group","hd":false}],"ip":20.02002002002,"op":90.0900900900901,"st":20.02002002002,"bm":0},{"ddd":0,"ind":12,"ty":4,"nm":"Mask 3","sr":1,"ks":{"o":{"a":1,"k":[{"i":{"x":[0.667],"y":[1]},"o":{"x":[0.333],"y":[0]},"t":0,"s":[0]},{"i":{"x":[0.833],"y":[1]},"o":{"x":[0.333],"y":[0]},"t":20.02,"s":[20]},{"i":{"x":[0.833],"y":[1]},"o":{"x":[0.167],"y":[0]},"t":82.082,"s":[20]},{"t":90.0900900900901,"s":[0]}],"ix":11},"r":{"a":0,"k":0,"ix":10},"p":{"a":0,"k":[12,31.014,0],"ix":2},"a":{"a":0,"k":[0,0,0],"ix":1},"s":{"a":0,"k":[100,100,100],"ix":6}},"ao":0,"shapes":[{"ty":"gr","it":[{"ind":0,"ty":"sh","ix":1,"ks":{"a":0,"k":{"i":[[0,0],[-0.89,0],[0,0],[0.63,0.63],[0,0],[0.39,-0.39],[0,0]],"o":[[-0.63,0.63],[0,0],[0.891,0],[0,0],[-0.39,-0.39],[0,0],[0,0]],"v":[[-3.294,0.586],[-2.594,2.296],[2.586,2.296],[3.296,0.586],[0.706,-2.004],[-0.704,-2.004],[-3.294,0.586]],"c":false},"ix":2},"nm":"Path 1","mn":"ADBE Vector Shape - Group","hd":false},{"ty":"fl","c":{"a":0,"k":[0.309803932905,0.819607853889,0.352941185236,1],"ix":4},"o":{"a":0,"k":100,"ix":5},"r":1,"bm":0,"nm":"Fill 1","mn":"ADBE Vector Graphic - Fill","hd":false},{"ty":"tr","p":{"a":0,"k":[0,0],"ix":2},"a":{"a":0,"k":[0,0],"ix":1},"s":{"a":0,"k":[300,300],"ix":3},"r":{"a":0,"k":0,"ix":6},"o":{"a":0,"k":100,"ix":7},"sk":{"a":0,"k":0,"ix":4},"sa":{"a":0,"k":0,"ix":5},"nm":"Transform"}],"nm":"Mask","np":2,"cix":2,"bm":0,"ix":1,"mn":"ADBE Vector Group","hd":false}],"ip":0,"op":90.0900900900901,"st":0,"bm":0}]}],"fonts":{"list":[{"fName":"NunitoSans-ExtraBold","fFamily":"Nunito Sans","fStyle":"ExtraBold","ascent":70.4986572265625}]},"layers":[{"ddd":0,"ind":1,"ty":0,"nm":"slide-1 com","refId":"comp_0","sr":1,"ks":{"o":{"a":0,"k":100,"ix":11},"r":{"a":0,"k":0,"ix":10},"p":{"a":0,"k":[750,324,0],"ix":2},"a":{"a":0,"k":[750,324,0],"ix":1},"s":{"a":0,"k":[100,100,100],"ix":6}},"ao":0,"w":1500,"h":648,"ip":0,"op":600,"st":0,"bm":0},{"ddd":0,"ind":2,"ty":0,"nm":"Slide 1 increase indicator","refId":"comp_1","sr":0.5,"ks":{"o":{"a":0,"k":100,"ix":11},"r":{"a":0,"k":0,"ix":10},"p":{"a":0,"k":[1051.5,361.25,0],"ix":2},"a":{"a":0,"k":[12,20,0],"ix":1},"s":{"a":0,"k":[131,131,100],"ix":6}},"ao":0,"w":24,"h":40,"ip":93,"op":273.18018018018,"st":93,"bm":0},{"ddd":0,"ind":3,"ty":0,"nm":"Slide 1 increase indicator","refId":"comp_1","sr":0.5,"ks":{"o":{"a":0,"k":100,"ix":11},"r":{"a":0,"k":0,"ix":10},"p":{"a":0,"k":[1051.5,361.25,0],"ix":2},"a":{"a":0,"k":[12,20,0],"ix":1},"s":{"a":0,"k":[131,131,100],"ix":6}},"ao":0,"w":24,"h":40,"ip":273,"op":453.18018018018,"st":273,"bm":0},{"ddd":0,"ind":6,"ty":1,"nm":"White Solid 1","sr":1,"ks":{"o":{"a":0,"k":100,"ix":11},"r":{"a":0,"k":0,"ix":10},"p":{"a":0,"k":[750,278,0],"ix":2},"a":{"a":0,"k":[750,301,0],"ix":1},"s":{"a":0,"k":[100,136.545,100],"ix":6}},"ao":0,"sw":1500,"sh":602,"sc":"#ffffff","ip":0,"op":600,"st":0,"bm":0}],"markers":[],"chars":[{"ch":"R","size":10,"style":"ExtraBold","w":70.1,"data":{"shapes":[{"ty":"gr","it":[{"ind":0,"ty":"sh","ix":1,"ks":{"a":0,"k":{"i":[[0,0],[3.666,0.934],[-2.967,3.6],[0,5.334],[4.233,3.634],[8.266,0],[0,0],[0,0],[0,0],[0,0],[0,0],[-1.4,-0.766],[-1,-1.733],[0,0],[0,0]],"o":[[-2.534,-4.333],[5.4,-1.133],[2.966,-3.6],[0,-6.866],[-4.234,-3.633],[0,0],[0,0],[0,0],[0,0],[0,0],[2.133,0],[1.4,0.767],[0,0],[0,0],[0,0]],"v":[[56.8,-20.9],[47.5,-28.8],[60.05,-35.9],[64.5,-49.3],[58.15,-65.05],[39.4,-70.5],[7,-70.5],[7,0],[22.4,0],[22.4,-27.4],[30.1,-27.4],[35.4,-26.25],[39,-22.5],[51.2,0],[68.2,0]],"c":true},"ix":2},"nm":"R","mn":"ADBE Vector Shape - Group","hd":false},{"ind":1,"ty":"sh","ix":2,"ks":{"a":0,"k":{"i":[[4.466,0],[0,0],[0,0],[0,0],[-2,-1.533],[0,-3.4],[2,-1.566]],"o":[[0,0],[0,0],[0,0],[4.466,0],[2,1.534],[0,3.334],[-2,1.567]],"v":[[37.1,-39.2],[22.2,-39.2],[22.2,-58.6],[37.1,-58.6],[46.8,-56.3],[49.8,-48.9],[46.8,-41.55]],"c":true},"ix":2},"nm":"R","mn":"ADBE Vector Shape - Group","hd":false}],"nm":"R","np":5,"cix":2,"bm":0,"ix":1,"mn":"ADBE Vector Group","hd":false}]},"fFamily":"Nunito Sans"},{"ch":"p","size":10,"style":"ExtraBold","w":61.3,"data":{"shapes":[{"ty":"gr","it":[{"ind":0,"ty":"sh","ix":1,"ks":{"a":0,"k":{"i":[[4.2,0],[2.733,-1.433],[1.466,-2.533],[0,0],[0,0],[0,0],[0,0],[0,0],[-2.7,-1.366],[-3.334,0],[-3.267,2.067],[-1.834,3.834],[0,5.067],[1.833,3.9],[3.3,2.167]],"o":[[-3.4,0],[-2.734,1.434],[0,0],[0,0],[0,0],[0,0],[0,0],[1.466,2.467],[2.7,1.366],[4.266,0],[3.266,-2.066],[1.833,-3.833],[0,-5.066],[-1.834,-3.9],[-3.3,-2.166]],"v":[[36.2,-50.3],[27,-48.15],[20.7,-42.2],[20.7,-49.1],[5.8,-49.1],[5.8,18],[20.9,18],[20.9,-7],[27.15,-1.25],[36.2,0.8],[47.5,-2.3],[55.15,-11.15],[57.9,-24.5],[55.15,-37.95],[47.45,-47.05]],"c":true},"ix":2},"nm":"p","mn":"ADBE Vector Shape - Group","hd":false},{"ind":1,"ty":"sh","ix":2,"ks":{"a":0,"k":{"i":[[3.533,0],[1.933,2.434],[0,4.467],[-1.934,2.434],[-3.534,0],[-1.934,-2.5],[0,-4.533],[1.933,-2.366]],"o":[[-3.534,0],[-1.934,-2.433],[0,-4.533],[1.933,-2.433],[3.533,0],[1.933,2.5],[0,4.467],[-1.934,2.367]],"v":[[31.8,-10.7],[23.6,-14.35],[20.7,-24.7],[23.6,-35.15],[31.8,-38.8],[40,-35.05],[42.9,-24.5],[40,-14.25]],"c":true},"ix":2},"nm":"p","mn":"ADBE Vector Shape - Group","hd":false}],"nm":"p","np":5,"cix":2,"bm":0,"ix":1,"mn":"ADBE Vector Group","hd":false}]},"fFamily":"Nunito Sans"},{"ch":"5","size":10,"style":"ExtraBold","w":60,"data":{"shapes":[{"ty":"gr","it":[{"ind":0,"ty":"sh","ix":1,"ks":{"a":0,"k":{"i":[[4.333,0],[3.2,-1.8],[0,0],[0,0],[0,0],[0,0],[0,0],[0,0],[-2.3,0.867],[-2.334,0],[-2.167,-2],[0,-3.466],[2.1,-1.866],[4.066,0],[6.466,4.534],[0,0],[-4.4,-1.433],[-4.467,0],[-4.1,1.967],[-2.234,3.6],[0,4.734],[1.866,3.4],[3.4,1.9]],"o":[[-4.334,0],[0,0],[0,0],[0,0],[0,0],[0,0],[0,0],[1.866,-1.533],[2.3,-0.866],[3.733,0],[2.166,2],[0,3.667],[-2.1,1.867],[-6.4,0],[0,0],[2.733,2.4],[4.4,1.433],[5.466,0],[4.1,-1.966],[2.233,-3.6],[0,-4.466],[-1.867,-3.4],[-3.4,-1.9]],"v":[[34.3,-45.6],[23,-42.9],[23,-58.6],[53.2,-58.6],[53.2,-70.5],[7.8,-70.5],[7.8,-28.8],[16.7,-28.8],[22.95,-32.4],[29.9,-33.7],[38.75,-30.7],[42,-22.5],[38.85,-14.2],[29.6,-11.4],[10.3,-18.2],[5.4,-7.1],[16.1,-1.35],[29.4,0.8],[43.75,-2.15],[53.25,-10.5],[56.6,-23],[53.8,-34.8],[45.9,-42.75]],"c":true},"ix":2},"nm":"5","mn":"ADBE Vector Shape - Group","hd":false}],"nm":"5","np":3,"cix":2,"bm":0,"ix":1,"mn":"ADBE Vector Group","hd":false}]},"fFamily":"Nunito Sans"},{"ch":"0","size":10,"style":"ExtraBold","w":60,"data":{"shapes":[{"ty":"gr","it":[{"ind":0,"ty":"sh","ix":1,"ks":{"a":0,"k":{"i":[[-8.534,0],[-4.5,6.2],[0,11.734],[4.533,6.167],[8.466,0],[4.533,-6.166],[0,-11.6],[-4.5,-6.2]],"o":[[8.533,0],[4.5,-6.2],[0,-11.6],[-4.534,-6.166],[-8.467,0],[-4.534,6.167],[0,11.734],[4.5,6.2]],"v":[[30,0.9],[49.55,-8.4],[56.3,-35.3],[49.5,-61.95],[30,-71.2],[10.5,-61.95],[3.7,-35.3],[10.45,-8.4]],"c":true},"ix":2},"nm":"0","mn":"ADBE Vector Shape - Group","hd":false},{"ind":1,"ty":"sh","ix":2,"ks":{"a":0,"k":{"i":[[3.866,0],[1.766,3.867],[0,8.467],[-1.767,3.8],[-3.867,0],[-1.767,-3.8],[0,-8.4],[1.766,-3.866]],"o":[[-3.867,0],[-1.767,-3.866],[0,-8.4],[1.766,-3.8],[3.866,0],[1.766,3.8],[0,8.467],[-1.767,3.867]],"v":[[30,-11],[21.55,-16.8],[18.9,-35.3],[21.55,-53.6],[30,-59.3],[38.45,-53.6],[41.1,-35.3],[38.45,-16.8]],"c":true},"ix":2},"nm":"0","mn":"ADBE Vector Shape - Group","hd":false}],"nm":"0","np":5,"cix":2,"bm":0,"ix":1,"mn":"ADBE Vector Group","hd":false}]},"fFamily":"Nunito Sans"},{"ch":".","size":10,"style":"ExtraBold","w":26,"data":{"shapes":[{"ty":"gr","it":[{"ind":0,"ty":"sh","ix":1,"ks":{"a":0,"k":{"i":[[0,0],[0,0],[0,0],[0,0]],"o":[[0,0],[0,0],[0,0],[0,0]],"v":[[4.9,0],[21.1,0],[21.1,-16],[4.9,-16]],"c":true},"ix":2},"nm":".","mn":"ADBE Vector Shape - Group","hd":false}],"nm":".","np":3,"cix":2,"bm":0,"ix":1,"mn":"ADBE Vector Group","hd":false}]},"fFamily":"Nunito Sans"},{"ch":"3","size":10,"style":"ExtraBold","w":60,"data":{"shapes":[{"ty":"gr","it":[{"ind":0,"ty":"sh","ix":1,"ks":{"a":0,"k":{"i":[[4.133,1.2],[-1.967,2.834],[0,3.8],[1.966,2.867],[3.6,1.567],[4.8,0],[4.433,-1.433],[2.8,-2.4],[0,0],[-3.2,1.167],[-2.934,0],[-1.734,-1.533],[0,-2.866],[1.966,-1.4],[4.066,0],[0,0],[0,0],[0,0],[-1.934,-1.4],[0,-3.133],[1.933,-1.5],[4.266,0],[6.4,4.534],[0,0],[-4.467,-1.4],[-4.867,0],[-4.734,3.567],[0,6.2],[2.233,2.967]],"o":[[3.466,-1.266],[1.966,-2.833],[0,-3.8],[-1.967,-2.866],[-3.6,-1.566],[-4.667,0],[-4.434,1.434],[0,0],[3,-2.2],[3.2,-1.166],[3.266,0],[1.733,1.534],[0,2.934],[-1.967,1.4],[0,0],[0,0],[0,0],[4.266,0],[1.933,1.4],[0,3.2],[-1.934,1.5],[-6.467,0],[0,0],[2.8,2.467],[4.466,1.4],[8.066,0],[4.733,-3.566],[0,-4.266],[-2.234,-2.966]],"v":[[41.7,-36.3],[49.85,-42.45],[52.8,-52.4],[49.85,-62.4],[41.5,-69.05],[28.9,-71.4],[15.25,-69.25],[4.4,-63.5],[9.3,-52.4],[18.6,-57.45],[27.8,-59.2],[35.3,-56.9],[37.9,-50.3],[34.95,-43.8],[25.9,-41.7],[17.5,-41.7],[17.5,-29.6],[27.6,-29.6],[36.9,-27.5],[39.8,-20.7],[36.9,-13.65],[27.6,-11.4],[8.3,-18.2],[3.4,-7.1],[14.3,-1.3],[28.3,0.8],[47.5,-4.55],[54.6,-19.2],[51.25,-30.05]],"c":true},"ix":2},"nm":"3","mn":"ADBE Vector Shape - Group","hd":false}],"nm":"3","np":3,"cix":2,"bm":0,"ix":1,"mn":"ADBE Vector Group","hd":false}]},"fFamily":"Nunito Sans"},{"ch":"2","size":10,"style":"ExtraBold","w":60.1,"data":{"shapes":[{"ty":"gr","it":[{"ind":0,"ty":"sh","ix":1,"ks":{"a":0,"k":{"i":[[0,0],[0,0],[-1.7,3.467],[0,4.067],[4.366,3.534],[7.333,0],[4.4,-1.433],[2.8,-2.4],[0,0],[-3.2,1.167],[-2.934,0],[0,-5.6],[4.933,-5.2],[0,0],[0,0],[0,0],[0,0]],"o":[[0,0],[4,-4.266],[1.7,-3.466],[0,-5.933],[-4.367,-3.533],[-4.6,0],[-4.4,1.434],[0,0],[3.066,-2.2],[3.2,-1.166],[6.4,0],[0,4.4],[0,0],[0,0],[0,0],[0,0],[0,0]],"v":[[26,-12.5],[41.7,-29],[50.25,-40.6],[52.8,-51.9],[46.25,-66.1],[28.7,-71.4],[15.2,-69.25],[4.4,-63.5],[9.3,-52.4],[18.7,-57.45],[27.9,-59.2],[37.5,-50.8],[30.1,-36.4],[6.6,-11.5],[6.6,0],[55.1,0],[55.1,-12.5]],"c":true},"ix":2},"nm":"2","mn":"ADBE Vector Shape - Group","hd":false}],"nm":"2","np":3,"cix":2,"bm":0,"ix":1,"mn":"ADBE Vector Group","hd":false}]},"fFamily":"Nunito Sans"}]}