{"v":"5.5.2","fr":25,"ip":0,"op":30,"w":480,"h":405,"nm":"Thank You Page_Animation V3","ddd":0,"assets":[],"layers":[{"ddd":0,"ind":1,"ty":4,"nm":"thanks/Thank You Page_Flat_Animation Asset V2 Outlines","sr":1,"ks":{"o":{"a":1,"k":[{"i":{"x":[0.667],"y":[1]},"o":{"x":[0.167],"y":[0.167]},"t":3,"s":[0],"e":[100]},{"t":9}],"ix":11},"r":{"a":0,"k":0,"ix":10},"p":{"a":1,"k":[{"i":{"x":0.615,"y":0.901},"o":{"x":0.167,"y":0.167},"t":3,"s":[296.975,368.238,0],"e":[318.161,98.404,0],"to":[38.818,-109.319,0],"ti":[34.838,-47.916,0]},{"i":{"x":0.69,"y":1},"o":{"x":0.351,"y":0.296},"t":10,"s":[318.161,98.404,0],"e":[298.975,131.238,0],"to":[-2.534,3.485,0],"ti":[0.501,3.853,0]},{"t":13}],"ix":2},"a":{"a":0,"k":[77.912,77.912,0],"ix":1},"s":{"a":1,"k":[{"i":{"x":[0.669,0.669,0.669],"y":[1.052,1.052,1.751]},"o":{"x":[0.17,0.17,0.17],"y":[0.085,0.085,1.166]},"t":3,"s":[21,21,100],"e":[110,110,100]},{"i":{"x":[0.687,0.687,0.687],"y":[1,1,1]},"o":{"x":[0.35,0.35,0.35],"y":[0.218,0.218,-0.529]},"t":9,"s":[110,110,100],"e":[95,95,100]},{"t":13}],"ix":6}},"ao":0,"shapes":[{"ty":"gr","it":[{"ind":0,"ty":"sh","ix":1,"ks":{"a":0,"k":{"i":[[3.231,-2.562],[0,0],[0,0],[3.232,-2.561],[-2.562,-3.232],[0,0],[0,0],[-3.233,2.561],[0,0],[2.562,3.232],[0,0]],"o":[[0,0],[0,0],[-2.562,-3.231],[-3.232,2.562],[0,0],[0,0],[2.561,3.232],[0,0],[3.233,-2.562],[0,0],[-2.561,-3.232]],"v":[[31.578,-25.055],[-10.938,8.646],[-30.36,-15.857],[-40.894,-17.075],[-42.112,-6.541],[-18.031,23.837],[-18.031,23.838],[-7.497,25.056],[40.893,-13.303],[42.112,-23.837],[42.111,-23.837]],"c":true},"ix":2},"nm":"Path 1","mn":"ADBE Vector Shape - Group","hd":false},{"ty":"fl","c":{"a":0,"k":[1,1,1,1],"ix":4},"o":{"a":0,"k":100,"ix":5},"r":1,"bm":0,"nm":"Fill 1","mn":"ADBE Vector Graphic - Fill","hd":false},{"ty":"tr","p":{"a":0,"k":[79.067,81.012],"ix":2},"a":{"a":0,"k":[0,0],"ix":1},"s":{"a":0,"k":[100,100],"ix":3},"r":{"a":0,"k":0,"ix":6},"o":{"a":0,"k":100,"ix":7},"sk":{"a":0,"k":0,"ix":4},"sa":{"a":0,"k":0,"ix":5},"nm":"Transform"}],"nm":"Group 1","np":4,"cix":2,"bm":0,"ix":1,"mn":"ADBE Vector Group","hd":false},{"ty":"gr","it":[{"ind":0,"ty":"sh","ix":1,"ks":{"a":0,"k":{"i":[[-3.104,40.386],[9.605,-0.009],[-0.031,-34.133],[-1.362,-5.091],[-2.851,0]],"o":[[-8.112,-3.901],[-34.132,0.031],[0.005,5.519],[2.772,0.297],[41.182,0]],"v":[[44.294,-33.057],[17.482,-39.132],[-44.262,22.728],[-42.158,38.681],[-33.722,39.141]],"c":true},"ix":2},"nm":"Path 1","mn":"ADBE Vector Shape - Group","hd":false},{"ty":"fl","c":{"a":0,"k":[0.501999978458,0.830999995213,0.144999994016,1],"ix":4},"o":{"a":0,"k":100,"ix":5},"r":1,"bm":0,"nm":"Fill 1","mn":"ADBE Vector Graphic - Fill","hd":false},{"ty":"tr","p":{"a":0,"k":[60.372,55.241],"ix":2},"a":{"a":0,"k":[0,0],"ix":1},"s":{"a":0,"k":[100,100],"ix":3},"r":{"a":0,"k":0,"ix":6},"o":{"a":0,"k":100,"ix":7},"sk":{"a":0,"k":0,"ix":4},"sa":{"a":0,"k":0,"ix":5},"nm":"Transform"}],"nm":"Group 2","np":4,"cix":2,"bm":0,"ix":2,"mn":"ADBE Vector Group","hd":false},{"ty":"gr","it":[{"ind":0,"ty":"sh","ix":1,"ks":{"a":0,"k":{"i":[[20.718,9.964],[9.605,-0.009],[-0.032,-34.133],[-1.362,-5.09],[-28.614,0.026],[0.031,34.132]],"o":[[-8.112,-3.901],[-34.131,0.031],[0.005,5.519],[7.06,26.39],[34.133,-0.031],[-0.023,-24.529]],"v":[[26.754,-55.736],[-0.057,-61.811],[-61.802,0.048],[-59.697,16.002],[0.057,61.794],[61.803,-0.065]],"c":true},"ix":2},"nm":"Path 1","mn":"ADBE Vector Shape - Group","hd":false},{"ty":"fl","c":{"a":0,"k":[0.349000010771,0.685999971278,0.219999994016,1],"ix":4},"o":{"a":0,"k":100,"ix":5},"r":1,"bm":0,"nm":"Fill 1","mn":"ADBE Vector Graphic - Fill","hd":false},{"ty":"tr","p":{"a":0,"k":[77.912,77.921],"ix":2},"a":{"a":0,"k":[0,0],"ix":1},"s":{"a":0,"k":[100,100],"ix":3},"r":{"a":0,"k":0,"ix":6},"o":{"a":0,"k":100,"ix":7},"sk":{"a":0,"k":0,"ix":4},"sa":{"a":0,"k":0,"ix":5},"nm":"Transform"}],"nm":"Group 3","np":4,"cix":2,"bm":0,"ix":3,"mn":"ADBE Vector Group","hd":false},{"ty":"gr","it":[{"ind":0,"ty":"sh","ix":1,"ks":{"a":0,"k":{"i":[[-0.039,-42.87],[42.87,-0.039],[0.039,42.87],[-42.87,0.039]],"o":[[0.039,42.87],[-42.87,0.039],[-0.039,-42.87],[42.87,-0.039]],"v":[[77.623,-0.071],[0.071,77.623],[-77.623,0.071],[-0.071,-77.623]],"c":true},"ix":2},"nm":"Path 1","mn":"ADBE Vector Shape - Group","hd":false},{"ty":"fl","c":{"a":0,"k":[0.713999968884,0.910000011968,0.051000000449,1],"ix":4},"o":{"a":0,"k":100,"ix":5},"r":1,"bm":0,"nm":"Fill 1","mn":"ADBE Vector Graphic - Fill","hd":false},{"ty":"tr","p":{"a":0,"k":[77.912,77.912],"ix":2},"a":{"a":0,"k":[0,0],"ix":1},"s":{"a":0,"k":[100,100],"ix":3},"r":{"a":0,"k":0,"ix":6},"o":{"a":0,"k":100,"ix":7},"sk":{"a":0,"k":0,"ix":4},"sa":{"a":0,"k":0,"ix":5},"nm":"Transform"}],"nm":"Group 4","np":4,"cix":2,"bm":0,"ix":4,"mn":"ADBE Vector Group","hd":false}],"ip":0,"op":250,"st":0,"bm":0},{"ddd":0,"ind":2,"ty":4,"nm":"blink 3 Outlines","sr":1,"ks":{"o":{"a":1,"k":[{"i":{"x":[0.667],"y":[1]},"o":{"x":[0.167],"y":[0]},"t":8,"s":[0],"e":[100]},{"t":13}],"ix":11},"r":{"a":1,"k":[{"i":{"x":[0.667],"y":[1]},"o":{"x":[0.167],"y":[0.167]},"t":8,"s":[-78],"e":[0]},{"t":13}],"ix":10},"p":{"a":1,"k":[{"i":{"x":0.667,"y":1},"o":{"x":0.167,"y":0.167},"t":8,"s":[384.007,158.682,0],"e":[413.007,124.682,0],"to":[4.833,-5.667,0],"ti":[-4.833,5.667,0]},{"t":13}],"ix":2},"a":{"a":0,"k":[12.077,12.352,0],"ix":1},"s":{"a":1,"k":[{"i":{"x":[0.667,0.667,0.667],"y":[1,1,1]},"o":{"x":[0.167,0.167,0.167],"y":[0,0,0]},"t":8,"s":[81,81,100],"e":[106,106,100]},{"t":13}],"ix":6}},"ao":0,"shapes":[{"ty":"gr","it":[{"ind":0,"ty":"sh","ix":1,"ks":{"a":0,"k":{"i":[[-4.939,4.81],[0.911,0.802],[3.331,-2.758],[0,0],[0.65,0.29],[0,0],[0.941,-1.068],[0.2,-0.546],[-1.019,-0.897]],"o":[[1.083,-2.741],[-1.069,-0.94],[0,0],[-0.608,0.37],[0,0],[-3.647,-2.217],[-0.294,0.334],[0.677,1.099],[5.262,4.631]],"v":[[9.772,1.053],[8.829,-4.089],[2.246,-3.382],[0.505,-2.021],[-1.504,-1.894],[-3.453,-3.067],[-10.066,-2.838],[-10.854,-1.507],[-8.312,1.508]],"c":true},"ix":2},"nm":"Path 1","mn":"ADBE Vector Shape - Group","hd":false},{"ty":"fl","c":{"a":0,"k":[1,0.862999949736,0,1],"ix":4},"o":{"a":0,"k":100,"ix":5},"r":1,"bm":0,"nm":"Fill 1","mn":"ADBE Vector Graphic - Fill","hd":false},{"ty":"tr","p":{"a":0,"k":[11.563,6.39],"ix":2},"a":{"a":0,"k":[0,0],"ix":1},"s":{"a":0,"k":[100,100],"ix":3},"r":{"a":0,"k":0,"ix":6},"o":{"a":0,"k":100,"ix":7},"sk":{"a":0,"k":0,"ix":4},"sa":{"a":0,"k":0,"ix":5},"nm":"Transform"}],"nm":"Group 1","np":4,"cix":2,"bm":0,"ix":1,"mn":"ADBE Vector Group","hd":false},{"ty":"gr","it":[{"ind":0,"ty":"sh","ix":1,"ks":{"a":0,"k":{"i":[[2.815,3.472],[0,0],[-0.29,0.651],[0,0],[-0.188,0.476],[5.262,4.632],[0.677,1.099],[-1.831,-2.295],[0,0],[0.289,-0.651],[0,0],[-1.017,-0.896],[-3.337,2.663],[0,0],[-0.65,-0.289],[0,0],[-0.896,1.018]],"o":[[0,0],[-0.37,-0.608],[0,0],[0.335,-0.548],[-4.939,4.81],[-1.018,-0.897],[-0.442,1.202],[0,0],[0.369,0.608],[0,0],[-2.269,3.603],[1.019,0.896],[0,0],[0.608,-0.37],[0,0],[3.699,2.262],[0.896,-1.018]],"v":[[9.012,0.078],[7.499,-1.795],[7.371,-3.805],[8.499,-5.702],[9.257,-7.226],[-8.827,-6.771],[-11.369,-9.786],[-9.925,-4.576],[-8.513,-2.793],[-8.385,-0.783],[-9.558,1.165],[-9.381,7.735],[-2.79,7.123],[-1.006,5.713],[1.003,5.584],[2.901,6.713],[9.522,6.579]],"c":true},"ix":2},"nm":"Path 1","mn":"ADBE Vector Shape - Group","hd":false},{"ty":"fl","c":{"a":0,"k":[0.995999983245,0.757000014361,0,1],"ix":4},"o":{"a":0,"k":100,"ix":5},"r":1,"bm":0,"nm":"Fill 1","mn":"ADBE Vector Graphic - Fill","hd":false},{"ty":"tr","p":{"a":0,"k":[12.077,14.669],"ix":2},"a":{"a":0,"k":[0,0],"ix":1},"s":{"a":0,"k":[100,100],"ix":3},"r":{"a":0,"k":0,"ix":6},"o":{"a":0,"k":100,"ix":7},"sk":{"a":0,"k":0,"ix":4},"sa":{"a":0,"k":0,"ix":5},"nm":"Transform"}],"nm":"Group 2","np":4,"cix":2,"bm":0,"ix":2,"mn":"ADBE Vector Group","hd":false}],"ip":0,"op":250,"st":0,"bm":0},{"ddd":0,"ind":3,"ty":4,"nm":"blink 2 Outlines","sr":1,"ks":{"o":{"a":1,"k":[{"i":{"x":[0.667],"y":[1]},"o":{"x":[0.167],"y":[0]},"t":8,"s":[0],"e":[100]},{"t":14}],"ix":11},"r":{"a":1,"k":[{"i":{"x":[0.667],"y":[1]},"o":{"x":[0.167],"y":[0.167]},"t":8,"s":[-32],"e":[-18]},{"t":14}],"ix":10},"p":{"a":1,"k":[{"i":{"x":0.667,"y":1},"o":{"x":0.333,"y":0},"t":8,"s":[381.96,98.699,0],"e":[402.96,64.699,0],"to":[3.5,-5.667,0],"ti":[-3.5,5.667,0]},{"t":14}],"ix":2},"a":{"a":0,"k":[16.101,16.08,0],"ix":1},"s":{"a":1,"k":[{"i":{"x":[0.667,0.667,0.667],"y":[1,1,1]},"o":{"x":[0.167,0.167,0.167],"y":[0,0,0]},"t":8,"s":[66,66,100],"e":[109,109,100]},{"t":14}],"ix":6}},"ao":0,"shapes":[{"ty":"gr","it":[{"ind":0,"ty":"sh","ix":1,"ks":{"a":0,"k":{"i":[[0.731,8.101],[1.411,-0.238],[-0.049,-5.102],[0,0],[0.749,-0.38],[0,0],[-0.28,-1.656],[-0.35,-0.59],[-1.58,0.267]],"o":[[-1.705,-3.03],[-1.656,0.279],[0,0],[-0.113,0.832],[0,0],[-4.746,1.692],[0.087,0.517],[1.51,0.197],[8.154,-1.374]],"v":[[8.933,-6.993],[3.523,-9.954],[-0.727,-3.398],[-0.774,-0.794],[-2.152,1.142],[-4.674,2.055],[-9.383,8.283],[-8.752,9.994],[-4.098,9.908]],"c":true},"ix":2},"nm":"Path 1","mn":"ADBE Vector Shape - Group","hd":false},{"ty":"fl","c":{"a":0,"k":[1,0.862999949736,0,1],"ix":4},"o":{"a":0,"k":100,"ix":5},"r":1,"bm":0,"nm":"Fill 1","mn":"ADBE Vector Graphic - Fill","hd":false},{"ty":"tr","p":{"a":0,"k":[9.913,10.442],"ix":2},"a":{"a":0,"k":[0,0],"ix":1},"s":{"a":0,"k":[100,100],"ix":3},"r":{"a":0,"k":0,"ix":6},"o":{"a":0,"k":100,"ix":7},"sk":{"a":0,"k":0,"ix":4},"sa":{"a":0,"k":0,"ix":5},"nm":"Transform"}],"nm":"Group 1","np":4,"cix":2,"bm":0,"ix":1,"mn":"ADBE Vector Group","hd":false},{"ty":"gr","it":[{"ind":0,"ty":"sh","ix":1,"ks":{"a":0,"k":{"i":[[5.273,0.003],[0,0],[0.38,0.749],[0,0],[0.296,0.526],[8.154,-1.374],[1.509,0.197],[-3.464,-0.029],[0,0],[-0.38,-0.749],[0,0],[-1.577,0.266],[-0.043,5.036],[0,0],[-0.749,0.381],[0,0],[0.266,1.578]],"o":[[0,0],[-0.832,-0.114],[0,0],[-0.253,-0.713],[0.732,8.1],[-1.58,0.266],[0.771,1.298],[0,0],[0.832,0.114],[0,0],[1.613,4.758],[1.578,-0.266],[0,0],[0.113,-0.832],[0,0],[4.823,-1.706],[-0.267,-1.577]],"v":[[8.795,-8.575],[5.954,-8.583],[4.019,-9.96],[3.12,-12.405],[2.288,-14.23],[-10.743,2.669],[-15.395,2.757],[-9.55,5.306],[-6.867,5.341],[-4.932,6.719],[-4.019,9.241],[2.13,13.964],[6.471,7.473],[6.506,4.79],[7.883,2.854],[10.327,1.956],[15.129,-4.208]],"c":true},"ix":2},"nm":"Path 1","mn":"ADBE Vector Shape - Group","hd":false},{"ty":"fl","c":{"a":0,"k":[0.995999983245,0.757000014361,0,1],"ix":4},"o":{"a":0,"k":100,"ix":5},"r":1,"bm":0,"nm":"Fill 1","mn":"ADBE Vector Graphic - Fill","hd":false},{"ty":"tr","p":{"a":0,"k":[16.558,17.68],"ix":2},"a":{"a":0,"k":[0,0],"ix":1},"s":{"a":0,"k":[100,100],"ix":3},"r":{"a":0,"k":0,"ix":6},"o":{"a":0,"k":100,"ix":7},"sk":{"a":0,"k":0,"ix":4},"sa":{"a":0,"k":0,"ix":5},"nm":"Transform"}],"nm":"Group 2","np":4,"cix":2,"bm":0,"ix":2,"mn":"ADBE Vector Group","hd":false}],"ip":0,"op":250,"st":0,"bm":0},{"ddd":0,"ind":4,"ty":4,"nm":"blink 1 Outlines","sr":1,"ks":{"o":{"a":1,"k":[{"i":{"x":[0.667],"y":[1]},"o":{"x":[0.167],"y":[0.167]},"t":8,"s":[0],"e":[100]},{"t":13}],"ix":11},"r":{"a":1,"k":[{"i":{"x":[0.667],"y":[1]},"o":{"x":[0.167],"y":[0.167]},"t":8,"s":[26],"e":[-10]},{"t":13}],"ix":10},"p":{"a":1,"k":[{"i":{"x":0.667,"y":1},"o":{"x":0.167,"y":0.167},"t":8,"s":[223.859,115.733,0],"e":[189.859,86.733,0],"to":[-5.667,-4.833,0],"ti":[5.667,4.833,0]},{"t":13}],"ix":2},"a":{"a":0,"k":[20.641,20.561,0],"ix":1},"s":{"a":1,"k":[{"i":{"x":[0.667,0.667,0.667],"y":[1,1,1]},"o":{"x":[0.167,0.167,0.167],"y":[0.167,0.167,0.88]},"t":8,"s":[77,77,100],"e":[104,104,100]},{"t":13}],"ix":6}},"ao":0,"shapes":[{"ty":"gr","it":[{"ind":0,"ty":"sh","ix":1,"ks":{"a":0,"k":{"i":[[3.304,10.085],[1.725,-0.716],[-1.557,-6.472],[0,0],[0.841,-0.703],[0,0],[-0.84,-2.024],[-0.619,-0.647],[-1.93,0.801]],"o":[[-3.055,-3.353],[-2.025,0.841],[0,0],[0.099,1.092],[0,0],[-5.536,3.542],[0.263,0.632],[1.977,-0.192],[9.966,-4.138]],"v":[[8.441,-11.714],[0.695,-13.894],[-2.786,-4.313],[-2.083,-0.988],[-3.268,1.877],[-6.208,3.777],[-10.372,13.076],[-9.066,15.067],[-3.176,13.593]],"c":true},"ix":2},"nm":"Path 1","mn":"ADBE Vector Shape - Group","hd":false},{"ty":"fl","c":{"a":0,"k":[1,0.862999949736,0,1],"ix":4},"o":{"a":0,"k":100,"ix":5},"r":1,"bm":0,"nm":"Fill 1","mn":"ADBE Vector Graphic - Fill","hd":false},{"ty":"tr","p":{"a":0,"k":[11.994,15.317],"ix":2},"a":{"a":0,"k":[0,0],"ix":1},"s":{"a":0,"k":[100,100],"ix":3},"r":{"a":0,"k":0,"ix":6},"o":{"a":0,"k":100,"ix":7},"sk":{"a":0,"k":0,"ix":4},"sa":{"a":0,"k":0,"ix":5},"nm":"Transform"}],"nm":"Group 1","np":4,"cix":2,"bm":0,"ix":1,"mn":"ADBE Vector Group","hd":false},{"ty":"gr","it":[{"ind":0,"ty":"sh","ix":1,"ks":{"a":0,"k":{"i":[[6.706,-1.541],[0,0],[0.704,0.84],[0,0],[0.531,0.583],[9.965,-4.138],[1.977,-0.192],[-4.412,0.977],[0,0],[-0.702,-0.841],[0,0],[-1.928,0.801],[1.42,6.417],[0,0],[-0.84,0.703],[0,0],[0.8,1.928]],"o":[[0,0],[-1.091,0.099],[0,0],[-0.531,-0.834],[3.304,10.086],[-1.931,0.801],[1.362,1.425],[0,0],[1.091,-0.099],[0,0],[3.446,5.576],[1.928,-0.8],[0,0],[-0.099,-1.091],[0,0],[5.632,-3.581],[-0.801,-1.928]],"v":[[8.386,-13.35],[4.771,-12.526],[1.907,-13.711],[0.049,-16.556],[-1.546,-18.634],[-13.162,6.672],[-19.052,8.146],[-10.872,9.676],[-7.451,8.934],[-4.587,10.117],[-2.688,13.059],[6.517,17.26],[10.133,7.736],[9.391,4.314],[10.575,1.449],[13.42,-0.41],[17.719,-9.652]],"c":true},"ix":2},"nm":"Path 1","mn":"ADBE Vector Shape - Group","hd":false},{"ty":"fl","c":{"a":0,"k":[0.995999983245,0.757000014361,0,1],"ix":4},"o":{"a":0,"k":100,"ix":5},"r":1,"bm":0,"nm":"Fill 1","mn":"ADBE Vector Graphic - Fill","hd":false},{"ty":"tr","p":{"a":0,"k":[21.981,22.237],"ix":2},"a":{"a":0,"k":[0,0],"ix":1},"s":{"a":0,"k":[100,100],"ix":3},"r":{"a":0,"k":0,"ix":6},"o":{"a":0,"k":100,"ix":7},"sk":{"a":0,"k":0,"ix":4},"sa":{"a":0,"k":0,"ix":5},"nm":"Transform"}],"nm":"Group 2","np":4,"cix":2,"bm":0,"ix":2,"mn":"ADBE Vector Group","hd":false}],"ip":0,"op":250,"st":0,"bm":0},{"ddd":0,"ind":5,"ty":4,"nm":"pedi Outlines","sr":1,"ks":{"o":{"a":1,"k":[{"i":{"x":[0.667],"y":[1]},"o":{"x":[0.167],"y":[0.167]},"t":5,"s":[0],"e":[100]},{"t":13}],"ix":11},"r":{"a":0,"k":0,"ix":10},"p":{"a":1,"k":[{"i":{"x":0.667,"y":1},"o":{"x":0.167,"y":0.167},"t":5,"s":[396.597,340.36,0],"e":[396.597,234.076,0],"to":[0,-6.163,0],"ti":[0,13.285,0]},{"i":{"x":0.667,"y":1},"o":{"x":0.333,"y":0},"t":10,"s":[396.597,234.076,0],"e":[396.597,259.36,0],"to":[0,-4.679,0],"ti":[0,2.171,0]},{"t":13}],"ix":2},"a":{"a":0,"k":[80.947,103.324,0],"ix":1},"s":{"a":1,"k":[{"i":{"x":[0.667,0.667,0.667],"y":[1,1,1]},"o":{"x":[0.167,0.167,0.167],"y":[0,0,0]},"t":5,"s":[100,100,100],"e":[100,100,100]},{"t":13}],"ix":6}},"ao":0,"shapes":[{"ty":"gr","it":[{"ind":0,"ty":"sh","ix":1,"ks":{"a":0,"k":{"i":[[-0.979,0.087],[0,0],[-0.055,-1.256],[1.225,-0.109],[0,0],[0,0],[0.799,-0.99],[0.929,0.78],[0,0],[-0.351,0.901]],"o":[[0,0],[1.224,-0.108],[0.055,1.255],[0,0],[0,0],[0.93,0.78],[-0.798,0.988],[0,0],[-0.743,-0.624],[0.257,-0.931]],"v":[[-9.4,-7.657],[9.404,-9.326],[11.73,-7.241],[9.603,-4.761],[-3.918,-3.561],[6.347,5.057],[6.585,8.275],[3.442,8.653],[-10.834,-3.334],[-11.434,-5.906]],"c":true},"ix":2},"nm":"Path 1","mn":"ADBE Vector Shape - Group","hd":false},{"ty":"fl","c":{"a":0,"k":[0.187999994615,0.187999994615,0.187999994615,1],"ix":4},"o":{"a":0,"k":100,"ix":5},"r":1,"bm":0,"nm":"Fill 1","mn":"ADBE Vector Graphic - Fill","hd":false},{"ty":"tr","p":{"a":0,"k":[82.058,152.035],"ix":2},"a":{"a":0,"k":[0,0],"ix":1},"s":{"a":0,"k":[100,100],"ix":3},"r":{"a":0,"k":0,"ix":6},"o":{"a":0,"k":100,"ix":7},"sk":{"a":0,"k":0,"ix":4},"sa":{"a":0,"k":0,"ix":5},"nm":"Transform"}],"nm":"Group 1","np":4,"cix":2,"bm":0,"ix":1,"mn":"ADBE Vector Group","hd":false},{"ty":"gr","it":[{"ind":0,"ty":"sh","ix":1,"ks":{"a":0,"k":{"i":[[0.569,0.718],[0,0],[0.884,-0.768],[-0.713,-0.898],[0,0],[0,0],[0.155,-1.175],[-1.124,-0.128],[0,0],[-0.385,0.814]],"o":[[0,0],[-0.712,-0.899],[-0.884,0.768],[0,0],[0,0],[-1.124,-0.128],[-0.157,1.175],[0,0],[0.899,0.103],[0.464,-0.77]],"v":[[10.3,5.47],[-0.639,-8.312],[-3.541,-8.548],[-3.851,-5.519],[4.012,4.392],[-8.4,2.983],[-10.727,4.886],[-8.968,7.254],[8.296,9.213],[10.42,7.969]],"c":true},"ix":2},"nm":"Path 1","mn":"ADBE Vector Shape - Group","hd":false},{"ty":"fl","c":{"a":0,"k":[0.187999994615,0.187999994615,0.187999994615,1],"ix":4},"o":{"a":0,"k":100,"ix":5},"r":1,"bm":0,"nm":"Fill 1","mn":"ADBE Vector Graphic - Fill","hd":false},{"ty":"tr","p":{"a":0,"k":[46.527,132.551],"ix":2},"a":{"a":0,"k":[0,0],"ix":1},"s":{"a":0,"k":[100,100],"ix":3},"r":{"a":0,"k":0,"ix":6},"o":{"a":0,"k":100,"ix":7},"sk":{"a":0,"k":0,"ix":4},"sa":{"a":0,"k":0,"ix":5},"nm":"Transform"}],"nm":"Group 2","np":4,"cix":2,"bm":0,"ix":2,"mn":"ADBE Vector Group","hd":false},{"ty":"gr","it":[{"ind":0,"ty":"sh","ix":1,"ks":{"a":0,"k":{"i":[[0.771,-1.857],[1.747,0.725],[-0.771,1.857],[-2.953,-1.226]],"o":[[-0.771,1.856],[-1.747,-0.725],[0.77,-1.857],[2.953,1.225]],"v":[[5.347,1.789],[-1.96,4.293],[-5.347,-2.648],[1.394,-3.792]],"c":true},"ix":2},"nm":"Path 1","mn":"ADBE Vector Shape - Group","hd":false},{"ty":"fl","c":{"a":0,"k":[0.630999995213,0.180000005984,0.238999998803,1],"ix":4},"o":{"a":0,"k":100,"ix":5},"r":1,"bm":0,"nm":"Fill 1","mn":"ADBE Vector Graphic - Fill","hd":false},{"ty":"tr","p":{"a":0,"k":[58.376,157.058],"ix":2},"a":{"a":0,"k":[0,0],"ix":1},"s":{"a":0,"k":[100,100],"ix":3},"r":{"a":0,"k":0,"ix":6},"o":{"a":0,"k":100,"ix":7},"sk":{"a":0,"k":0,"ix":4},"sa":{"a":0,"k":0,"ix":5},"nm":"Transform"}],"nm":"Group 3","np":4,"cix":2,"bm":0,"ix":3,"mn":"ADBE Vector Group","hd":false},{"ty":"gr","it":[{"ind":0,"ty":"sh","ix":1,"ks":{"a":0,"k":{"i":[[-0.216,-0.031],[1.137,-0.43],[0,0],[1.988,5.178],[-0.362,0.873],[-0.015,0.023],[-0.108,-0.079],[0,0],[-2.405,-0.407]],"o":[[-0.379,0.965],[0,0],[-5.191,1.958],[-0.39,-1.026],[0.01,-0.024],[0.101,0.084],[2.028,1.474],[0,0],[0.217,0.037]],"v":[[7.986,1.067],[5.708,3.294],[5.376,3.421],[-7.596,-2.397],[-7.573,-5.31],[-7.539,-5.379],[-7.22,-5.138],[0.727,-3.37],[7.339,0.964]],"c":true},"ix":2},"nm":"Path 1","mn":"ADBE Vector Shape - Group","hd":false},{"ty":"fl","c":{"a":0,"k":[1,1,1,1],"ix":4},"o":{"a":0,"k":100,"ix":5},"r":1,"bm":0,"nm":"Fill 1","mn":"ADBE Vector Graphic - Fill","hd":false},{"ty":"tr","p":{"a":0,"k":[56.194,168.528],"ix":2},"a":{"a":0,"k":[0,0],"ix":1},"s":{"a":0,"k":[100,100],"ix":3},"r":{"a":0,"k":0,"ix":6},"o":{"a":0,"k":100,"ix":7},"sk":{"a":0,"k":0,"ix":4},"sa":{"a":0,"k":0,"ix":5},"nm":"Transform"}],"nm":"Group 4","np":4,"cix":2,"bm":0,"ix":4,"mn":"ADBE Vector Group","hd":false},{"ty":"gr","it":[{"ind":0,"ty":"sh","ix":1,"ks":{"a":0,"k":{"i":[[13.68,5.676],[-1.472,1.355],[-1.352,-1.471],[-1.14,-0.842],[-0.109,-0.079],[0,0],[-2.404,-0.407],[-0.216,-0.031],[-1.217,0.048],[-0.082,-1.996]],"o":[[-13.68,-5.676],[1.468,-1.354],[0.822,0.894],[0.101,0.084],[2.028,1.473],[0,0],[0.218,0.036],[1.398,0.206],[1.996,-0.082],[0.077,1.998]],"v":[[-3.305,6.579],[-14.403,-10.9],[-9.29,-10.688],[-6.328,-8.067],[-6.009,-7.826],[1.938,-6.058],[8.549,-1.723],[9.197,-1.62],[13.146,-1.38],[16.908,2.089]],"c":true},"ix":2},"nm":"Path 1","mn":"ADBE Vector Shape - Group","hd":false},{"ty":"fl","c":{"a":0,"k":[0.426999978458,0.071000005685,0.231000010173,1],"ix":4},"o":{"a":0,"k":100,"ix":5},"r":1,"bm":0,"nm":"Fill 1","mn":"ADBE Vector Graphic - Fill","hd":false},{"ty":"tr","p":{"a":0,"k":[54.983,171.216],"ix":2},"a":{"a":0,"k":[0,0],"ix":1},"s":{"a":0,"k":[100,100],"ix":3},"r":{"a":0,"k":0,"ix":6},"o":{"a":0,"k":100,"ix":7},"sk":{"a":0,"k":0,"ix":4},"sa":{"a":0,"k":0,"ix":5},"nm":"Transform"}],"nm":"Group 5","np":4,"cix":2,"bm":0,"ix":5,"mn":"ADBE Vector Group","hd":false},{"ty":"gr","it":[{"ind":0,"ty":"sh","ix":1,"ks":{"a":0,"k":{"i":[[0.315,0.04],[-0.04,0.316],[0,0],[-0.316,-0.041],[0.04,-0.315],[0,0]],"o":[[-0.315,-0.04],[0,0],[0.041,-0.315],[0.315,0.04],[0,0],[-0.041,0.315]],"v":[[-0.439,3.436],[-0.938,2.792],[-0.207,-2.938],[0.439,-3.435],[0.938,-2.792],[0.206,2.939]],"c":true},"ix":2},"nm":"Path 1","mn":"ADBE Vector Shape - Group","hd":false},{"ty":"fl","c":{"a":0,"k":[0.630999995213,0.180000005984,0.238999998803,1],"ix":4},"o":{"a":0,"k":100,"ix":5},"r":1,"bm":0,"nm":"Fill 1","mn":"ADBE Vector Graphic - Fill","hd":false},{"ty":"tr","p":{"a":0,"k":[56.714,162.823],"ix":2},"a":{"a":0,"k":[0,0],"ix":1},"s":{"a":0,"k":[100,100],"ix":3},"r":{"a":0,"k":0,"ix":6},"o":{"a":0,"k":100,"ix":7},"sk":{"a":0,"k":0,"ix":4},"sa":{"a":0,"k":0,"ix":5},"nm":"Transform"}],"nm":"Group 6","np":4,"cix":2,"bm":0,"ix":6,"mn":"ADBE Vector Group","hd":false},{"ty":"gr","it":[{"ind":0,"ty":"sh","ix":1,"ks":{"a":0,"k":{"i":[[-0.05,-2.947],[1.78,0.739],[0,0],[1.587,0.995],[-11.75,-4.875],[-2.624,-8.493]],"o":[[-1.824,-0.424],[0,0],[-1.784,-0.74],[8.612,-8.3],[8.856,3.673],[0.865,2.779]],"v":[[26.256,16.492],[20.838,14.751],[-21.198,-2.69],[-26.256,-5.299],[7.142,-11.617],[24.87,7.856]],"c":true},"ix":2},"nm":"Path 1","mn":"ADBE Vector Shape - Group","hd":false},{"ty":"fl","c":{"a":0,"k":[1,0.732999973671,0.722000002394,1],"ix":4},"o":{"a":0,"k":100,"ix":5},"r":1,"bm":0,"nm":"Fill 1","mn":"ADBE Vector Graphic - Fill","hd":false},{"ty":"tr","p":{"a":0,"k":[56.474,187.9],"ix":2},"a":{"a":0,"k":[0,0],"ix":1},"s":{"a":0,"k":[100,100],"ix":3},"r":{"a":0,"k":0,"ix":6},"o":{"a":0,"k":100,"ix":7},"sk":{"a":0,"k":0,"ix":4},"sa":{"a":0,"k":0,"ix":5},"nm":"Transform"}],"nm":"Group 7","np":4,"cix":2,"bm":0,"ix":7,"mn":"ADBE Vector Group","hd":false},{"ty":"gr","it":[{"ind":0,"ty":"sh","ix":1,"ks":{"a":0,"k":{"i":[[10.578,4.833],[4.836,-10.572],[-10.57,-4.835],[-4.838,10.574]],"o":[[-10.574,-4.839],[-4.838,10.577],[10.58,4.833],[4.835,-10.574]],"v":[[8.757,-19.149],[-19.149,-8.757],[-8.762,19.154],[19.152,8.76]],"c":true},"ix":2},"nm":"Path 1","mn":"ADBE Vector Shape - Group","hd":false},{"ty":"fl","c":{"a":0,"k":[1,1,1,1],"ix":4},"o":{"a":0,"k":100,"ix":5},"r":1,"bm":0,"nm":"Fill 1","mn":"ADBE Vector Graphic - Fill","hd":false},{"ty":"tr","p":{"a":0,"k":[85.958,150.333],"ix":2},"a":{"a":0,"k":[0,0],"ix":1},"s":{"a":0,"k":[100,100],"ix":3},"r":{"a":0,"k":0,"ix":6},"o":{"a":0,"k":100,"ix":7},"sk":{"a":0,"k":0,"ix":4},"sa":{"a":0,"k":0,"ix":5},"nm":"Transform"}],"nm":"Group 8","np":4,"cix":2,"bm":0,"ix":8,"mn":"ADBE Vector Group","hd":false},{"ty":"gr","it":[{"ind":0,"ty":"sh","ix":1,"ks":{"a":0,"k":{"i":[[0,0],[-3.579,3.364],[0.146,-0.625],[5.638,0.448]],"o":[[0,0],[0.468,-0.44],[-0.504,2.164],[0,0]],"v":[[-4.942,-1.37],[3.709,-2.642],[4.796,-2.026],[-3.058,2.635]],"c":true},"ix":2},"nm":"Path 1","mn":"ADBE Vector Shape - Group","hd":false},{"ty":"fl","c":{"a":0,"k":[0.885999971278,0.4,0.4,1],"ix":4},"o":{"a":0,"k":100,"ix":5},"r":1,"bm":0,"nm":"Fill 1","mn":"ADBE Vector Graphic - Fill","hd":false},{"ty":"tr","p":{"a":0,"k":[108.17,143.998],"ix":2},"a":{"a":0,"k":[0,0],"ix":1},"s":{"a":0,"k":[100,100],"ix":3},"r":{"a":0,"k":0,"ix":6},"o":{"a":0,"k":100,"ix":7},"sk":{"a":0,"k":0,"ix":4},"sa":{"a":0,"k":0,"ix":5},"nm":"Transform"}],"nm":"Group 9","np":4,"cix":2,"bm":0,"ix":9,"mn":"ADBE Vector Group","hd":false},{"ty":"gr","it":[{"ind":0,"ty":"sh","ix":1,"ks":{"a":0,"k":{"i":[[0,0],[-4.134,2.653],[0.258,-0.588],[5.462,1.473]],"o":[[0,0],[0.54,-0.347],[-0.889,2.036],[0,0]],"v":[[-4.976,-2.868],[3.763,-2.539],[4.718,-1.734],[-3.856,1.413]],"c":true},"ix":2},"nm":"Path 1","mn":"ADBE Vector Shape - Group","hd":false},{"ty":"fl","c":{"a":0,"k":[0.885999971278,0.4,0.4,1],"ix":4},"o":{"a":0,"k":100,"ix":5},"r":1,"bm":0,"nm":"Fill 1","mn":"ADBE Vector Graphic - Fill","hd":false},{"ty":"tr","p":{"a":0,"k":[109.119,155.185],"ix":2},"a":{"a":0,"k":[0,0],"ix":1},"s":{"a":0,"k":[100,100],"ix":3},"r":{"a":0,"k":0,"ix":6},"o":{"a":0,"k":100,"ix":7},"sk":{"a":0,"k":0,"ix":4},"sa":{"a":0,"k":0,"ix":5},"nm":"Transform"}],"nm":"Group 10","np":4,"cix":2,"bm":0,"ix":10,"mn":"ADBE Vector Group","hd":false},{"ty":"gr","it":[{"ind":0,"ty":"sh","ix":1,"ks":{"a":0,"k":{"i":[[0,0],[-4.134,2.653],[0.257,-0.588],[5.462,1.472]],"o":[[0,0],[0.54,-0.347],[-0.89,2.036],[0,0]],"v":[[-4.976,-2.868],[3.764,-2.538],[4.719,-1.733],[-3.855,1.413]],"c":true},"ix":2},"nm":"Path 1","mn":"ADBE Vector Shape - Group","hd":false},{"ty":"fl","c":{"a":0,"k":[0.885999971278,0.4,0.4,1],"ix":4},"o":{"a":0,"k":100,"ix":5},"r":1,"bm":0,"nm":"Fill 1","mn":"ADBE Vector Graphic - Fill","hd":false},{"ty":"tr","p":{"a":0,"k":[109.229,149.847],"ix":2},"a":{"a":0,"k":[0,0],"ix":1},"s":{"a":0,"k":[100,100],"ix":3},"r":{"a":0,"k":0,"ix":6},"o":{"a":0,"k":100,"ix":7},"sk":{"a":0,"k":0,"ix":4},"sa":{"a":0,"k":0,"ix":5},"nm":"Transform"}],"nm":"Group 11","np":4,"cix":2,"bm":0,"ix":11,"mn":"ADBE Vector Group","hd":false},{"ty":"gr","it":[{"ind":0,"ty":"sh","ix":1,"ks":{"a":0,"k":{"i":[[10.107,4.645],[4.648,-10.225],[-10.097,-4.642],[-4.648,10.226]],"o":[[-10.102,-4.644],[-4.649,10.215],[10.101,4.641],[4.65,-10.222]],"v":[[8.42,-18.513],[-18.291,-8.4],[-8.425,18.516],[18.29,8.411]],"c":true},"ix":2},"nm":"Path 1","mn":"ADBE Vector Shape - Group","hd":false},{"ty":"fl","c":{"a":0,"k":[1,1,1,1],"ix":4},"o":{"a":0,"k":100,"ix":5},"r":1,"bm":0,"nm":"Fill 1","mn":"ADBE Vector Graphic - Fill","hd":false},{"ty":"tr","p":{"a":0,"k":[47.124,132.197],"ix":2},"a":{"a":0,"k":[0,0],"ix":1},"s":{"a":0,"k":[100,100],"ix":3},"r":{"a":0,"k":0,"ix":6},"o":{"a":0,"k":100,"ix":7},"sk":{"a":0,"k":0,"ix":4},"sa":{"a":0,"k":0,"ix":5},"nm":"Transform"}],"nm":"Group 12","np":4,"cix":2,"bm":0,"ix":12,"mn":"ADBE Vector Group","hd":false},{"ty":"gr","it":[{"ind":0,"ty":"sh","ix":1,"ks":{"a":0,"k":{"i":[[0,0],[-0.21,3.901],[0.305,-0.409],[-3.164,-3.198]],"o":[[0,0],[0.027,-0.509],[-1.057,1.416],[0,0]],"v":[[3.282,2.879],[-0.381,-3.034],[-1.313,-3.378],[-0.118,3.787]],"c":true},"ix":2},"nm":"Path 1","mn":"ADBE Vector Shape - Group","hd":false},{"ty":"fl","c":{"a":0,"k":[0.885999971278,0.4,0.4,1],"ix":4},"o":{"a":0,"k":100,"ix":5},"r":1,"bm":0,"nm":"Fill 1","mn":"ADBE Vector Graphic - Fill","hd":false},{"ty":"tr","p":{"a":0,"k":[41.151,109.114],"ix":2},"a":{"a":0,"k":[0,0],"ix":1},"s":{"a":0,"k":[100,100],"ix":3},"r":{"a":0,"k":0,"ix":6},"o":{"a":0,"k":100,"ix":7},"sk":{"a":0,"k":0,"ix":4},"sa":{"a":0,"k":0,"ix":5},"nm":"Transform"}],"nm":"Group 13","np":4,"cix":2,"bm":0,"ix":13,"mn":"ADBE Vector Group","hd":false},{"ty":"gr","it":[{"ind":0,"ty":"sh","ix":1,"ks":{"a":0,"k":{"i":[[0,0],[0.507,3.874],[0.225,-0.458],[-3.695,-2.566]],"o":[[0,0],[-0.066,-0.505],[-0.78,1.585],[0,0]],"v":[[3.437,2.128],[-1.247,-3.016],[-2.226,-3.184],[0.258,3.642]],"c":true},"ix":2},"nm":"Path 1","mn":"ADBE Vector Shape - Group","hd":false},{"ty":"fl","c":{"a":0,"k":[0.885999971278,0.4,0.4,1],"ix":4},"o":{"a":0,"k":100,"ix":5},"r":1,"bm":0,"nm":"Fill 1","mn":"ADBE Vector Graphic - Fill","hd":false},{"ty":"tr","p":{"a":0,"k":[34.089,114.723],"ix":2},"a":{"a":0,"k":[0,0],"ix":1},"s":{"a":0,"k":[100,100],"ix":3},"r":{"a":0,"k":0,"ix":6},"o":{"a":0,"k":100,"ix":7},"sk":{"a":0,"k":0,"ix":4},"sa":{"a":0,"k":0,"ix":5},"nm":"Transform"}],"nm":"Group 14","np":4,"cix":2,"bm":0,"ix":14,"mn":"ADBE Vector Group","hd":false},{"ty":"gr","it":[{"ind":0,"ty":"sh","ix":1,"ks":{"a":0,"k":{"i":[[0,0],[0.507,3.874],[0.225,-0.458],[-3.695,-2.566]],"o":[[0,0],[-0.066,-0.505],[-0.78,1.586],[0,0]],"v":[[3.437,2.127],[-1.247,-3.017],[-2.226,-3.185],[0.258,3.643]],"c":true},"ix":2},"nm":"Path 1","mn":"ADBE Vector Shape - Group","hd":false},{"ty":"fl","c":{"a":0,"k":[0.885999971278,0.4,0.4,1],"ix":4},"o":{"a":0,"k":100,"ix":5},"r":1,"bm":0,"nm":"Fill 1","mn":"ADBE Vector Graphic - Fill","hd":false},{"ty":"tr","p":{"a":0,"k":[37.337,111.76],"ix":2},"a":{"a":0,"k":[0,0],"ix":1},"s":{"a":0,"k":[100,100],"ix":3},"r":{"a":0,"k":0,"ix":6},"o":{"a":0,"k":100,"ix":7},"sk":{"a":0,"k":0,"ix":4},"sa":{"a":0,"k":0,"ix":5},"nm":"Transform"}],"nm":"Group 15","np":4,"cix":2,"bm":0,"ix":15,"mn":"ADBE Vector Group","hd":false},{"ty":"gr","it":[{"ind":0,"ty":"sh","ix":1,"ks":{"a":0,"k":{"i":[[-4.973,12.913],[-1.471,5.794],[2.207,4.802],[1.719,2.122],[6.407,-15.09],[9.224,-4.061]],"o":[[2.321,-6.034],[2.247,-8.836],[-0.966,-2.093],[-1.39,10.63],[-4.816,11.351],[12.565,-1.54]],"v":[[10.037,11.512],[15.939,-6.523],[16.748,-28.034],[12.685,-34.376],[1.776,9.149],[-18.955,34.376]],"c":true},"ix":2},"nm":"Path 1","mn":"ADBE Vector Shape - Group","hd":false},{"ty":"fl","c":{"a":0,"k":[0.885999971278,0.475,0.475,1],"ix":4},"o":{"a":0,"k":100,"ix":5},"r":1,"bm":0,"nm":"Fill 1","mn":"ADBE Vector Graphic - Fill","hd":false},{"ty":"tr","p":{"a":0,"k":[113.544,170.625],"ix":2},"a":{"a":0,"k":[0,0],"ix":1},"s":{"a":0,"k":[100,100],"ix":3},"r":{"a":0,"k":0,"ix":6},"o":{"a":0,"k":100,"ix":7},"sk":{"a":0,"k":0,"ix":4},"sa":{"a":0,"k":0,"ix":5},"nm":"Transform"}],"nm":"Group 16","np":4,"cix":2,"bm":0,"ix":16,"mn":"ADBE Vector Group","hd":false},{"ty":"gr","it":[{"ind":0,"ty":"sh","ix":1,"ks":{"a":0,"k":{"i":[[-1.391,10.63],[2.553,2.234],[2.306,1.656],[16.317,-8.055],[6.533,-14.612],[0.338,-0.974],[0.317,-2.351],[-10.267,-7.568],[-0.636,-0.406],[-1.894,-0.786],[0,0],[0,0],[-1.938,-0.434],[-0.737,-0.107],[-3.063,0.375],[-4.817,11.352]],"o":[[-1.838,-2.272],[-1.978,-1.728],[-21.915,-15.724],[-7.775,3.842],[-0.43,0.962],[-0.808,2.315],[-1.761,12.817],[0.599,0.446],[1.674,1.069],[0,0],[0,0],[1.894,0.786],[0.738,0.164],[3.117,0.473],[9.225,-4.062],[6.407,-15.089]],"v":[[56.859,-14.887],[50.229,-21.67],[43.787,-26.755],[-29.803,-46.186],[-52.26,-13.148],[-53.411,-10.24],[-55.098,-3.219],[-41.3,29.995],[-39.447,31.277],[-34.097,34.074],[-5.837,45.799],[7.938,51.514],[13.695,53.33],[15.913,53.738],[25.217,53.865],[45.949,28.637]],"c":true},"ix":2},"nm":"Path 1","mn":"ADBE Vector Shape - Group","hd":false},{"ty":"fl","c":{"a":0,"k":[1,0.579999976065,0.579999976065,1],"ix":4},"o":{"a":0,"k":100,"ix":5},"r":1,"bm":0,"nm":"Fill 1","mn":"ADBE Vector Graphic - Fill","hd":false},{"ty":"tr","p":{"a":0,"k":[69.37,151.136],"ix":2},"a":{"a":0,"k":[0,0],"ix":1},"s":{"a":0,"k":[100,100],"ix":3},"r":{"a":0,"k":0,"ix":6},"o":{"a":0,"k":100,"ix":7},"sk":{"a":0,"k":0,"ix":4},"sa":{"a":0,"k":0,"ix":5},"nm":"Transform"}],"nm":"Group 17","np":4,"cix":2,"bm":0,"ix":17,"mn":"ADBE Vector Group","hd":false},{"ty":"gr","it":[{"ind":0,"ty":"sh","ix":1,"ks":{"a":0,"k":{"i":[[-0.048,-0.647],[0.844,-0.282],[0,0],[1.135,0.471],[0,0],[0.491,1.346],[0.033,0.444],[-0.615,0.288],[-29.843,-12.382],[-4.284,-8.473]],"o":[[-0.556,0.601],[0,0],[-1.167,0.39],[0,0],[-1.325,-0.55],[-0.158,-0.438],[0.438,-0.474],[7.514,-3.511],[29.197,12.114],[0.313,0.621]],"v":[[51.317,24.873],[49.201,26.228],[49.152,26.245],[45.579,26.118],[-48.186,-12.785],[-51.033,-15.766],[-51.317,-17.097],[-49.726,-18.255],[5.618,-14.253],[50.778,22.95]],"c":true},"ix":2},"nm":"Path 1","mn":"ADBE Vector Shape - Group","hd":false},{"ty":"fl","c":{"a":0,"k":[0.980000035903,0.816000007181,0.144999994016,1],"ix":4},"o":{"a":0,"k":100,"ix":5},"r":1,"bm":0,"nm":"Fill 1","mn":"ADBE Vector Graphic - Fill","hd":false},{"ty":"tr","p":{"a":0,"k":[83.796,123.754],"ix":2},"a":{"a":0,"k":[0,0],"ix":1},"s":{"a":0,"k":[100,100],"ix":3},"r":{"a":0,"k":0,"ix":6},"o":{"a":0,"k":100,"ix":7},"sk":{"a":0,"k":0,"ix":4},"sa":{"a":0,"k":0,"ix":5},"nm":"Transform"}],"nm":"Group 18","np":4,"cix":2,"bm":0,"ix":18,"mn":"ADBE Vector Group","hd":false},{"ty":"gr","it":[{"ind":0,"ty":"sh","ix":1,"ks":{"a":0,"k":{"i":[[1.408,-1.511],[0.844,-0.281],[1.142,0.473],[0,0],[0.494,1.348],[0.036,0.444],[-1.986,0.931],[-23.051,-6.966],[-0.032,0.002],[-0.19,0.457],[-3.362,-1.495],[-0.674,-1.224],[-1.932,0.558],[-1.412,-0.544],[1.321,-3.435],[-0.432,-0.846],[-0.022,-0.013],[-3.452,-6.83]],"o":[[-0.557,0.601],[-1.167,0.413],[0,0],[-1.326,-0.55],[-0.156,-0.434],[-0.166,-2.085],[6.497,-3.033],[0.032,-0.002],[0.584,-0.256],[1.494,-3.362],[1.38,0.614],[0.969,1.761],[1.341,-0.388],[3.434,1.324],[-0.264,0.637],[0.012,0.024],[18.388,10.798],[1.009,1.998]],"v":[[50.487,26.167],[48.371,27.521],[44.783,27.426],[-49.015,-11.492],[-51.865,-14.475],[-52.149,-15.801],[-49.197,-20.854],[-5.316,-20.967],[-5.22,-20.973],[-3.966,-22.014],[4.826,-25.391],[7.952,-22.522],[12.612,-20.589],[16.849,-20.402],[20.669,-11.792],[21.144,-9.462],[21.197,-9.406],[51.306,20.354]],"c":true},"ix":2},"nm":"Path 1","mn":"ADBE Vector Shape - Group","hd":false},{"ty":"fl","c":{"a":0,"k":[0.980000035903,0.816000007181,0.144999994016,1],"ix":4},"o":{"a":0,"k":100,"ix":5},"r":1,"bm":0,"nm":"Fill 1","mn":"ADBE Vector Graphic - Fill","hd":false},{"ty":"tr","p":{"a":0,"k":[84.737,122.506],"ix":2},"a":{"a":0,"k":[0,0],"ix":1},"s":{"a":0,"k":[100,100],"ix":3},"r":{"a":0,"k":0,"ix":6},"o":{"a":0,"k":100,"ix":7},"sk":{"a":0,"k":0,"ix":4},"sa":{"a":0,"k":0,"ix":5},"nm":"Transform"}],"nm":"Group 19","np":4,"cix":2,"bm":0,"ix":19,"mn":"ADBE Vector Group","hd":false},{"ty":"gr","it":[{"ind":0,"ty":"sh","ix":1,"ks":{"a":0,"k":{"i":[[0,0],[15.599,14.911],[-0.646,-17.709],[5.583,-13.063]],"o":[[0,0],[-13.314,-12.727],[0.427,11.683],[0,0]],"v":[[-11.184,40.895],[4.889,-28.168],[-19.842,-6.912],[-18.678,40.245]],"c":true},"ix":2},"nm":"Path 1","mn":"ADBE Vector Shape - Group","hd":false},{"ty":"fl","c":{"a":0,"k":[0.819999964097,0.365000017952,0.365000017952,1],"ix":4},"o":{"a":0,"k":100,"ix":5},"r":1,"bm":0,"nm":"Fill 1","mn":"ADBE Vector Graphic - Fill","hd":false},{"ty":"tr","p":{"a":0,"k":[132.524,88.792],"ix":2},"a":{"a":0,"k":[0,0],"ix":1},"s":{"a":0,"k":[100,100],"ix":3},"r":{"a":0,"k":0,"ix":6},"o":{"a":0,"k":100,"ix":7},"sk":{"a":0,"k":0,"ix":4},"sa":{"a":0,"k":0,"ix":5},"nm":"Transform"}],"nm":"Group 20","np":4,"cix":2,"bm":0,"ix":20,"mn":"ADBE Vector Group","hd":false},{"ty":"gr","it":[{"ind":0,"ty":"sh","ix":1,"ks":{"a":0,"k":{"i":[[0,0],[-6.114,39.618],[9.543,-35.042],[7.958,-20.348]],"o":[[0,0],[6.114,-39.619],[-9.543,35.041],[0,0]],"v":[[0.02,57.417],[23.987,-12.201],[-20.558,-22.375],[-21.765,45.09]],"c":true},"ix":2},"nm":"Path 1","mn":"ADBE Vector Shape - Group","hd":false},{"ty":"fl","c":{"a":0,"k":[1,0.579999976065,0.579999976065,1],"ix":4},"o":{"a":0,"k":100,"ix":5},"r":1,"bm":0,"nm":"Fill 1","mn":"ADBE Vector Graphic - Fill","hd":false},{"ty":"tr","p":{"a":0,"k":[131.544,81.466],"ix":2},"a":{"a":0,"k":[0,0],"ix":1},"s":{"a":0,"k":[100,100],"ix":3},"r":{"a":0,"k":0,"ix":6},"o":{"a":0,"k":100,"ix":7},"sk":{"a":0,"k":0,"ix":4},"sa":{"a":0,"k":0,"ix":5},"nm":"Transform"}],"nm":"Group 21","np":4,"cix":2,"bm":0,"ix":21,"mn":"ADBE Vector Group","hd":false},{"ty":"gr","it":[{"ind":0,"ty":"sh","ix":1,"ks":{"a":0,"k":{"i":[[0,0],[17.182,13.054],[-2.642,-17.523],[4.073,-13.609]],"o":[[0,0],[-14.667,-11.142],[1.742,11.558],[0,0]],"v":[[-4.355,40.69],[3.817,-29.747],[-18.356,-5.833],[-11.876,40.889]],"c":true},"ix":2},"nm":"Path 1","mn":"ADBE Vector Shape - Group","hd":false},{"ty":"fl","c":{"a":0,"k":[0.819999964097,0.365000017952,0.365000017952,1],"ix":4},"o":{"a":0,"k":100,"ix":5},"r":1,"bm":0,"nm":"Fill 1","mn":"ADBE Vector Graphic - Fill","hd":false},{"ty":"tr","p":{"a":0,"k":[67.613,63.864],"ix":2},"a":{"a":0,"k":[0,0],"ix":1},"s":{"a":0,"k":[100,100],"ix":3},"r":{"a":0,"k":0,"ix":6},"o":{"a":0,"k":100,"ix":7},"sk":{"a":0,"k":0,"ix":4},"sa":{"a":0,"k":0,"ix":5},"nm":"Transform"}],"nm":"Group 22","np":4,"cix":2,"bm":0,"ix":22,"mn":"ADBE Vector Group","hd":false},{"ty":"gr","it":[{"ind":0,"ty":"sh","ix":1,"ks":{"a":0,"k":{"i":[[0,0],[-1.601,40.056],[5.524,-35.895],[5.609,-21.116]],"o":[[0,0],[1.602,-40.056],[-5.524,35.895],[0,0]],"v":[[8.714,56.426],[24.666,-15.452],[-20.743,-20.531],[-14.325,46.638]],"c":true},"ix":2},"nm":"Path 1","mn":"ADBE Vector Shape - Group","hd":false},{"ty":"fl","c":{"a":0,"k":[1,0.579999976065,0.579999976065,1],"ix":4},"o":{"a":0,"k":100,"ix":5},"r":1,"bm":0,"nm":"Fill 1","mn":"ADBE Vector Graphic - Fill","hd":false},{"ty":"tr","p":{"a":0,"k":[65.575,56.676],"ix":2},"a":{"a":0,"k":[0,0],"ix":1},"s":{"a":0,"k":[100,100],"ix":3},"r":{"a":0,"k":0,"ix":6},"o":{"a":0,"k":100,"ix":7},"sk":{"a":0,"k":0,"ix":4},"sa":{"a":0,"k":0,"ix":5},"nm":"Transform"}],"nm":"Group 23","np":4,"cix":2,"bm":0,"ix":23,"mn":"ADBE Vector Group","hd":false},{"ty":"gr","it":[{"ind":0,"ty":"sh","ix":1,"ks":{"a":0,"k":{"i":[[0.283,-8.862],[34.778,1.115],[-0.285,8.861],[-34.777,-1.115]],"o":[[-0.284,8.861],[-34.779,-1.115],[0.284,-8.862],[34.778,1.114]],"v":[[62.972,2.018],[-0.514,16.046],[-62.971,-2.018],[0.514,-16.046]],"c":true},"ix":2},"nm":"Path 1","mn":"ADBE Vector Shape - Group","hd":false},{"ty":"fl","c":{"a":0,"k":[0.4,0.6,0.169000004787,1],"ix":4},"o":{"a":0,"k":100,"ix":5},"r":1,"bm":0,"nm":"Fill 1","mn":"ADBE Vector Graphic - Fill","hd":false},{"ty":"tr","p":{"a":0,"k":[62.973,190.473],"ix":2},"a":{"a":0,"k":[0,0],"ix":1},"s":{"a":0,"k":[100,100],"ix":3},"r":{"a":0,"k":0,"ix":6},"o":{"a":0,"k":100,"ix":7},"sk":{"a":0,"k":0,"ix":4},"sa":{"a":0,"k":0,"ix":5},"nm":"Transform"}],"nm":"Group 24","np":4,"cix":2,"bm":0,"ix":24,"mn":"ADBE Vector Group","hd":false}],"ip":0,"op":250,"st":0,"bm":0},{"ddd":0,"ind":6,"ty":4,"nm":"Cody Outlines","sr":1,"ks":{"o":{"a":1,"k":[{"i":{"x":[0.667],"y":[1]},"o":{"x":[0.167],"y":[0.167]},"t":5,"s":[0],"e":[100]},{"t":13}],"ix":11},"r":{"a":0,"k":0,"ix":10},"p":{"a":1,"k":[{"i":{"x":0.667,"y":1},"o":{"x":0.167,"y":0.167},"t":5,"s":[120.065,328.631,0],"e":[120.065,222.347,0],"to":[0,-6.163,0],"ti":[0,13.285,0]},{"i":{"x":0.667,"y":1},"o":{"x":0.333,"y":0},"t":10,"s":[120.065,222.347,0],"e":[120.065,247.631,0],"to":[0,-4.679,0],"ti":[0,2.171,0]},{"t":13}],"ix":2},"a":{"a":0,"k":[120.907,114.918,0],"ix":1},"s":{"a":1,"k":[{"i":{"x":[0.667,0.667,0.667],"y":[1,1,1]},"o":{"x":[0.167,0.167,0.167],"y":[0,0,0]},"t":5,"s":[100,100,100],"e":[100,100,100]},{"t":13}],"ix":6}},"ao":0,"shapes":[{"ty":"gr","it":[{"ind":0,"ty":"sh","ix":1,"ks":{"a":0,"k":{"i":[[-0.755,0.532],[0,0],[0,0],[-0.139,0.982],[-0.906,-0.193],[0,0],[-0.12,-0.754],[0.604,-0.426],[0,0],[0.52,0.848]],"o":[[0,0],[0,0],[-0.906,-0.193],[0.137,-0.984],[0,0],[0.724,0.154],[0.192,0.741],[0,0],[-0.755,0.532],[-0.521,-0.849]],"v":[[-5.555,4.081],[2.776,-1.797],[-7.229,-3.933],[-8.624,-6.071],[-6.727,-7.507],[7.188,-4.537],[8.572,-2.981],[7.923,-1.009],[-3.663,7.168],[-5.982,6.592]],"c":true},"ix":2},"nm":"Path 1","mn":"ADBE Vector Shape - Group","hd":false},{"ty":"fl","c":{"a":0,"k":[0.882000014361,0.969000004787,1,1],"ix":4},"o":{"a":0,"k":100,"ix":5},"r":1,"bm":0,"nm":"Fill 1","mn":"ADBE Vector Graphic - Fill","hd":false},{"ty":"tr","p":{"a":0,"k":[107.573,90.632],"ix":2},"a":{"a":0,"k":[0,0],"ix":1},"s":{"a":0,"k":[100,100],"ix":3},"r":{"a":0,"k":0,"ix":6},"o":{"a":0,"k":100,"ix":7},"sk":{"a":0,"k":0,"ix":4},"sa":{"a":0,"k":0,"ix":5},"nm":"Transform"}],"nm":"Group 1","np":4,"cix":2,"bm":0,"ix":1,"mn":"ADBE Vector Group","hd":false},{"ty":"gr","it":[{"ind":0,"ty":"sh","ix":1,"ks":{"a":0,"k":{"i":[[0.775,0.151],[0,0],[0,0],[0.44,0.747],[0.651,-0.494],[0,0],[-0.159,-0.658],[-0.62,-0.121],[0,0],[-0.125,0.882]],"o":[[0,0],[0,0],[0.65,-0.495],[-0.44,-0.747],[0,0],[-0.52,0.395],[0.098,0.672],[0,0],[0.776,0.152],[0.125,-0.883]],"v":[[6.195,3.489],[-2.366,1.814],[4.818,-3.64],[5.2,-5.897],[3.217,-6.356],[-6.773,1.23],[-7.342,3.009],[-6.166,4.369],[5.739,6.698],[7.377,5.37]],"c":true},"ix":2},"nm":"Path 1","mn":"ADBE Vector Shape - Group","hd":false},{"ty":"fl","c":{"a":0,"k":[0.882000014361,0.969000004787,1,1],"ix":4},"o":{"a":0,"k":100,"ix":5},"r":1,"bm":0,"nm":"Fill 1","mn":"ADBE Vector Graphic - Fill","hd":false},{"ty":"tr","p":{"a":0,"k":[184.939,73.649],"ix":2},"a":{"a":0,"k":[0,0],"ix":1},"s":{"a":0,"k":[100,100],"ix":3},"r":{"a":0,"k":0,"ix":6},"o":{"a":0,"k":100,"ix":7},"sk":{"a":0,"k":0,"ix":4},"sa":{"a":0,"k":0,"ix":5},"nm":"Transform"}],"nm":"Group 2","np":4,"cix":2,"bm":0,"ix":2,"mn":"ADBE Vector Group","hd":false},{"ty":"gr","it":[{"ind":0,"ty":"sh","ix":1,"ks":{"a":0,"k":{"i":[[-6.715,1.467],[-1.446,-7.095],[0,0],[5.797,-1.267],[0,0],[1.248,6.125],[0,0]],"o":[[6.715,-1.467],[0,0],[1.249,6.125],[0,0],[-5.797,1.266],[0,0],[-1.446,-7.095]],"v":[[-3.542,-17.057],[11.236,-6.866],[13.279,3.149],[5.044,16.532],[1.718,17.258],[-11.039,8.461],[-13.082,-1.555]],"c":true},"ix":2},"nm":"Path 1","mn":"ADBE Vector Shape - Group","hd":false},{"ty":"fl","c":{"a":0,"k":[0.882000014361,0.969000004787,1,1],"ix":4},"o":{"a":0,"k":100,"ix":5},"r":1,"bm":0,"nm":"Fill 1","mn":"ADBE Vector Graphic - Fill","hd":false},{"ty":"tr","p":{"a":0,"k":[151.363,90.708],"ix":2},"a":{"a":0,"k":[0,0],"ix":1},"s":{"a":0,"k":[100,100],"ix":3},"r":{"a":0,"k":0,"ix":6},"o":{"a":0,"k":100,"ix":7},"sk":{"a":0,"k":0,"ix":4},"sa":{"a":0,"k":0,"ix":5},"nm":"Transform"}],"nm":"Group 3","np":4,"cix":2,"bm":0,"ix":3,"mn":"ADBE Vector Group","hd":false},{"ty":"gr","it":[{"ind":0,"ty":"sh","ix":1,"ks":{"a":0,"k":{"i":[[5.151,-1.125],[0,0],[-3.835,-3.15],[0,0],[-5.729,11.967]],"o":[[0,0],[-5.219,1.139],[0,0],[10.139,8.33],[2.139,-4.468]],"v":[[10.127,-11.282],[-12.227,-6.399],[-15.544,3.888],[-15.312,4.077],[17.241,-3.386]],"c":true},"ix":2},"nm":"Path 1","mn":"ADBE Vector Shape - Group","hd":false},{"ty":"fl","c":{"a":0,"k":[0.882000014361,0.969000004787,1,1],"ix":4},"o":{"a":0,"k":100,"ix":5},"r":1,"bm":0,"nm":"Fill 1","mn":"ADBE Vector Graphic - Fill","hd":false},{"ty":"tr","p":{"a":0,"k":[157.373,124.189],"ix":2},"a":{"a":0,"k":[0,0],"ix":1},"s":{"a":0,"k":[100,100],"ix":3},"r":{"a":0,"k":0,"ix":6},"o":{"a":0,"k":100,"ix":7},"sk":{"a":0,"k":0,"ix":4},"sa":{"a":0,"k":0,"ix":5},"nm":"Transform"}],"nm":"Group 4","np":4,"cix":2,"bm":0,"ix":4,"mn":"ADBE Vector Group","hd":false},{"ty":"gr","it":[{"ind":0,"ty":"sh","ix":1,"ks":{"a":0,"k":{"i":[[-1.794,-8.802],[-8.331,1.819],[1.794,8.802],[8.331,-1.82]],"o":[[1.795,8.801],[8.33,-1.82],[-1.795,-8.801],[-8.33,1.819]],"v":[[-15.083,3.294],[3.25,15.936],[15.083,-3.295],[-3.25,-15.936]],"c":true},"ix":2},"nm":"Path 1","mn":"ADBE Vector Shape - Group","hd":false},{"ty":"fl","c":{"a":0,"k":[0,0.681999954523,0.936999990426,1],"ix":4},"o":{"a":0,"k":100,"ix":5},"r":1,"bm":0,"nm":"Fill 1","mn":"ADBE Vector Graphic - Fill","hd":false},{"ty":"tr","p":{"a":0,"k":[165.958,176.173],"ix":2},"a":{"a":0,"k":[0,0],"ix":1},"s":{"a":0,"k":[100,100],"ix":3},"r":{"a":0,"k":0,"ix":6},"o":{"a":0,"k":100,"ix":7},"sk":{"a":0,"k":0,"ix":4},"sa":{"a":0,"k":0,"ix":5},"nm":"Transform"}],"nm":"Group 5","np":4,"cix":2,"bm":0,"ix":5,"mn":"ADBE Vector Group","hd":false},{"ty":"gr","it":[{"ind":0,"ty":"sh","ix":1,"ks":{"a":0,"k":{"i":[[-2.438,-11.959],[-10.497,2.292],[2.439,11.959],[10.497,-2.293]],"o":[[2.438,11.958],[10.498,-2.293],[-2.438,-11.959],[-10.498,2.293]],"v":[[-19.008,4.152],[4.414,21.654],[19.007,-4.152],[-4.416,-21.654]],"c":true},"ix":2},"nm":"Path 1","mn":"ADBE Vector Shape - Group","hd":false},{"ty":"fl","c":{"a":0,"k":[0,0.573000021542,0.842999985639,1],"ix":4},"o":{"a":0,"k":100,"ix":5},"r":1,"bm":0,"nm":"Fill 1","mn":"ADBE Vector Graphic - Fill","hd":false},{"ty":"tr","p":{"a":0,"k":[166.376,178.22],"ix":2},"a":{"a":0,"k":[0,0],"ix":1},"s":{"a":0,"k":[100,100],"ix":3},"r":{"a":0,"k":0,"ix":6},"o":{"a":0,"k":100,"ix":7},"sk":{"a":0,"k":0,"ix":4},"sa":{"a":0,"k":0,"ix":5},"nm":"Transform"}],"nm":"Group 6","np":4,"cix":2,"bm":0,"ix":6,"mn":"ADBE Vector Group","hd":false},{"ty":"gr","it":[{"ind":0,"ty":"sh","ix":1,"ks":{"a":0,"k":{"i":[[-4.377,-6.892],[-0.006,-0.003],[-7.013,-3.703],[-9.028,1.598],[-8.882,1.656],[7.287,27.095],[1.509,5.424],[9.605,6.87],[1.009,0.532],[8.975,-1.319],[4.712,-0.692],[5.04,-0.746],[-2.732,-25.482],[-0.626,-5.853]],"o":[[0.002,0.01],[4.786,6.482],[8.046,3.354],[8.879,-1.644],[27.548,-4.639],[-1.508,-5.419],[-3.281,-11.817],[-0.979,-0.601],[-8.189,-3.418],[-4.713,0.692],[-5.042,0.739],[-35.585,5.271],[0.631,5.852],[0.776,8.468]],"v":[[-51.081,39.512],[-51.066,39.534],[-33.084,55.069],[-7.085,58.042],[19.559,53.09],[56.432,-8.165],[51.915,-24.43],[31.572,-53.176],[28.589,-54.87],[2.417,-58.321],[-9.357,-56.592],[-21.963,-54.743],[-60.987,-1.354],[-59.104,16.206]],"c":true},"ix":2},"nm":"Path 1","mn":"ADBE Vector Shape - Group","hd":false},{"ty":"fl","c":{"a":0,"k":[0.097999999102,0.156999999402,0.294000004787,1],"ix":4},"o":{"a":0,"k":100,"ix":5},"r":1,"bm":0,"nm":"Fill 1","mn":"ADBE Vector Graphic - Fill","hd":false},{"ty":"tr","p":{"a":0,"k":[145.427,90.799],"ix":2},"a":{"a":0,"k":[0,0],"ix":1},"s":{"a":0,"k":[100,100],"ix":3},"r":{"a":0,"k":0,"ix":6},"o":{"a":0,"k":100,"ix":7},"sk":{"a":0,"k":0,"ix":4},"sa":{"a":0,"k":0,"ix":5},"nm":"Transform"}],"nm":"Group 7","np":4,"cix":2,"bm":0,"ix":7,"mn":"ADBE Vector Group","hd":false},{"ty":"gr","it":[{"ind":0,"ty":"sh","ix":1,"ks":{"a":0,"k":{"i":[[-4.377,-6.892],[-0.006,-0.003],[-8.235,-4.329],[-9.147,1.625],[-9.002,1.677],[7.368,27.367],[1.52,5.48],[11.338,6.875],[1.009,0.532],[8.975,-1.319],[4.712,-0.692],[5.041,-0.738],[-2.732,-25.482],[-0.626,-5.853]],"o":[[0.002,0.01],[5.074,7.992],[8.152,3.38],[8.998,-1.67],[27.919,-4.703],[-1.524,-5.474],[-3.694,-13.278],[-0.979,-0.601],[-8.189,-3.418],[-4.713,0.692],[-5.042,0.739],[-25.422,3.717],[0.631,5.852],[0.776,8.468]],"v":[[-52.957,37.814],[-52.942,37.836],[-32.528,56.731],[-6.183,59.713],[20.82,54.694],[58.226,-7.214],[53.662,-23.643],[29.696,-54.874],[26.712,-56.568],[0.541,-60.019],[-11.233,-58.29],[-23.839,-56.441],[-62.863,-3.052],[-60.98,14.508]],"c":true},"ix":2},"nm":"Path 1","mn":"ADBE Vector Shape - Group","hd":false},{"ty":"fl","c":{"a":0,"k":[0,0.573000021542,0.842999985639,1],"ix":4},"o":{"a":0,"k":100,"ix":5},"r":1,"bm":0,"nm":"Fill 1","mn":"ADBE Vector Graphic - Fill","hd":false},{"ty":"tr","p":{"a":0,"k":[147.303,92.497],"ix":2},"a":{"a":0,"k":[0,0],"ix":1},"s":{"a":0,"k":[100,100],"ix":3},"r":{"a":0,"k":0,"ix":6},"o":{"a":0,"k":100,"ix":7},"sk":{"a":0,"k":0,"ix":4},"sa":{"a":0,"k":0,"ix":5},"nm":"Transform"}],"nm":"Group 8","np":4,"cix":2,"bm":0,"ix":8,"mn":"ADBE Vector Group","hd":false},{"ty":"gr","it":[{"ind":0,"ty":"sh","ix":1,"ks":{"a":0,"k":{"i":[[-5.053,-29.955],[-5.397,1.826],[0,0],[11.524,60.615],[35.295,-8.346]],"o":[[5.045,0.476],[0,0],[20.884,-7.054],[-0.103,2.789],[-35.922,8.497]],"v":[[-56.445,54.474],[-40.734,52.578],[24.585,30.511],[49.975,-54.95],[12.236,5.054]],"c":true},"ix":2},"nm":"Path 1","mn":"ADBE Vector Shape - Group","hd":false},{"ty":"fl","c":{"a":0,"k":[0,0.573000021542,0.842999985639,1],"ix":4},"o":{"a":0,"k":100,"ix":5},"r":1,"bm":0,"nm":"Fill 1","mn":"ADBE Vector Graphic - Fill","hd":false},{"ty":"tr","p":{"a":0,"k":[171.216,174.635],"ix":2},"a":{"a":0,"k":[0,0],"ix":1},"s":{"a":0,"k":[100,100],"ix":3},"r":{"a":0,"k":0,"ix":6},"o":{"a":0,"k":100,"ix":7},"sk":{"a":0,"k":0,"ix":4},"sa":{"a":0,"k":0,"ix":5},"nm":"Transform"}],"nm":"Group 9","np":4,"cix":2,"bm":0,"ix":9,"mn":"ADBE Vector Group","hd":false},{"ty":"gr","it":[{"ind":0,"ty":"sh","ix":1,"ks":{"a":0,"k":{"i":[[-5.993,-15.427],[-19.779,-1.86],[-5.397,1.827],[0,0],[11.524,60.615],[1.471,6.069],[22.686,-2.999],[0.049,-0.006],[0,0],[-1.094,-25.212],[-0.236,-2.915]],"o":[[6.996,18.002],[5.045,0.476],[0,0],[20.883,-7.054],[-1.015,-5.369],[-19.446,-80.303],[0,0],[0,0],[-49.485,5.258],[0.202,4.726],[2.126,26.465]],"v":[[-71.133,66.95],[-28.023,104.368],[-12.312,102.471],[53.007,80.405],[78.396,-5.057],[74.671,-22.204],[2.632,-101.845],[2.559,-101.835],[-37.174,-96.78],[-88.827,-20.947],[-88.032,-9.286]],"c":true},"ix":2},"nm":"Path 1","mn":"ADBE Vector Shape - Group","hd":false},{"ty":"fl","c":{"a":0,"k":[0,0.681999954523,0.936999990426,1],"ix":4},"o":{"a":0,"k":100,"ix":5},"r":1,"bm":0,"nm":"Fill 1","mn":"ADBE Vector Graphic - Fill","hd":false},{"ty":"tr","p":{"a":0,"k":[142.794,124.742],"ix":2},"a":{"a":0,"k":[0,0],"ix":1},"s":{"a":0,"k":[100,100],"ix":3},"r":{"a":0,"k":0,"ix":6},"o":{"a":0,"k":100,"ix":7},"sk":{"a":0,"k":0,"ix":4},"sa":{"a":0,"k":0,"ix":5},"nm":"Transform"}],"nm":"Group 10","np":4,"cix":2,"bm":0,"ix":10,"mn":"ADBE Vector Group","hd":false},{"ty":"gr","it":[{"ind":0,"ty":"sh","ix":1,"ks":{"a":0,"k":{"i":[[-3.119,-15.297],[-7.782,-3.525],[-8.501,3.383],[9.836,-2.148]],"o":[[1.914,9.386],[4.11,-30.429],[-6.202,-7.508],[-14.478,3.162]],"v":[[-21.614,7.663],[-5.8,27.905],[24.733,-16.546],[-1.049,-25.757]],"c":true},"ix":2},"nm":"Path 1","mn":"ADBE Vector Shape - Group","hd":false},{"ty":"fl","c":{"a":0,"k":[0,0.475,0.717999985639,1],"ix":4},"o":{"a":0,"k":100,"ix":5},"r":1,"bm":0,"nm":"Fill 1","mn":"ADBE Vector Graphic - Fill","hd":false},{"ty":"tr","p":{"a":0,"k":[51.659,57.28],"ix":2},"a":{"a":0,"k":[0,0],"ix":1},"s":{"a":0,"k":[100,100],"ix":3},"r":{"a":0,"k":0,"ix":6},"o":{"a":0,"k":100,"ix":7},"sk":{"a":0,"k":0,"ix":4},"sa":{"a":0,"k":0,"ix":5},"nm":"Transform"}],"nm":"Group 11","np":4,"cix":2,"bm":0,"ix":11,"mn":"ADBE Vector Group","hd":false},{"ty":"gr","it":[{"ind":0,"ty":"sh","ix":1,"ks":{"a":0,"k":{"i":[[-4.16,-20.404],[-0.661,-1.823],[-12.067,-2.41],[-0.508,3.765],[-8.501,3.383],[0,0],[10.817,0.97],[3.473,-0.759]],"o":[[0.401,1.965],[4.539,12.46],[0.041,-4.402],[4.11,-30.428],[2.747,-1.092],[-6.067,-9.404],[-3.371,-0.316],[-19.311,4.217]],"v":[[-30.161,8.048],[-28.562,13.728],[-1.564,37.481],[-0.721,25.246],[29.812,-19.206],[34.322,-20.632],[7.585,-37.165],[-2.728,-36.524]],"c":true},"ix":2},"nm":"Path 1","mn":"ADBE Vector Shape - Group","hd":false},{"ty":"fl","c":{"a":0,"k":[0,0.681999954523,0.936999990426,1],"ix":4},"o":{"a":0,"k":100,"ix":5},"r":1,"bm":0,"nm":"Fill 1","mn":"ADBE Vector Graphic - Fill","hd":false},{"ty":"tr","p":{"a":0,"k":[46.58,59.939],"ix":2},"a":{"a":0,"k":[0,0],"ix":1},"s":{"a":0,"k":[100,100],"ix":3},"r":{"a":0,"k":0,"ix":6},"o":{"a":0,"k":100,"ix":7},"sk":{"a":0,"k":0,"ix":4},"sa":{"a":0,"k":0,"ix":5},"nm":"Transform"}],"nm":"Group 12","np":4,"cix":2,"bm":0,"ix":12,"mn":"ADBE Vector Group","hd":false},{"ty":"gr","it":[{"ind":0,"ty":"sh","ix":1,"ks":{"a":0,"k":{"i":[[-2.514,-12.328],[-11.667,2.548],[2.514,12.327],[11.668,-2.548]],"o":[[2.514,12.327],[11.667,-2.549],[-2.513,-12.328],[-11.667,2.548]],"v":[[-21.125,4.614],[4.551,22.321],[21.126,-4.614],[-4.551,-22.321]],"c":true},"ix":2},"nm":"Path 1","mn":"ADBE Vector Shape - Group","hd":false},{"ty":"fl","c":{"a":0,"k":[0,0.475,0.717999985639,1],"ix":4},"o":{"a":0,"k":100,"ix":5},"r":1,"bm":0,"nm":"Fill 1","mn":"ADBE Vector Graphic - Fill","hd":false},{"ty":"tr","p":{"a":0,"k":[180.352,34.791],"ix":2},"a":{"a":0,"k":[0,0],"ix":1},"s":{"a":0,"k":[100,100],"ix":3},"r":{"a":0,"k":0,"ix":6},"o":{"a":0,"k":100,"ix":7},"sk":{"a":0,"k":0,"ix":4},"sa":{"a":0,"k":0,"ix":5},"nm":"Transform"}],"nm":"Group 13","np":4,"cix":2,"bm":0,"ix":13,"mn":"ADBE Vector Group","hd":false},{"ty":"gr","it":[{"ind":0,"ty":"sh","ix":1,"ks":{"a":0,"k":{"i":[[-3.493,-17.126],[-16.21,3.54],[3.492,17.126],[16.21,-3.54]],"o":[[3.492,17.126],[16.209,-3.54],[-3.492,-17.127],[-16.209,3.54]],"v":[[-29.349,6.41],[6.324,31.01],[29.35,-6.41],[-6.323,-31.01]],"c":true},"ix":2},"nm":"Path 1","mn":"ADBE Vector Shape - Group","hd":false},{"ty":"fl","c":{"a":0,"k":[0,0.681999954523,0.936999990426,1],"ix":4},"o":{"a":0,"k":100,"ix":5},"r":1,"bm":0,"nm":"Fill 1","mn":"ADBE Vector Graphic - Fill","hd":false},{"ty":"tr","p":{"a":0,"k":[176.43,34.8],"ix":2},"a":{"a":0,"k":[0,0],"ix":1},"s":{"a":0,"k":[100,100],"ix":3},"r":{"a":0,"k":0,"ix":6},"o":{"a":0,"k":100,"ix":7},"sk":{"a":0,"k":0,"ix":4},"sa":{"a":0,"k":0,"ix":5},"nm":"Transform"}],"nm":"Group 14","np":4,"cix":2,"bm":0,"ix":14,"mn":"ADBE Vector Group","hd":false},{"ty":"gr","it":[{"ind":0,"ty":"sh","ix":1,"ks":{"a":0,"k":{"i":[[0,0],[0,0],[-21.118,41.55]],"o":[[0,0],[0,0],[0,0]],"v":[[22.383,28.921],[13.997,28.734],[-1.265,-28.921]],"c":true},"ix":2},"nm":"Path 1","mn":"ADBE Vector Shape - Group","hd":false},{"ty":"fl","c":{"a":0,"k":[0,0.475,0.717999985639,1],"ix":4},"o":{"a":0,"k":100,"ix":5},"r":1,"bm":0,"nm":"Fill 1","mn":"ADBE Vector Graphic - Fill","hd":false},{"ty":"tr","p":{"a":0,"k":[22.633,68.498],"ix":2},"a":{"a":0,"k":[0,0],"ix":1},"s":{"a":0,"k":[100,100],"ix":3},"r":{"a":0,"k":0,"ix":6},"o":{"a":0,"k":100,"ix":7},"sk":{"a":0,"k":0,"ix":4},"sa":{"a":0,"k":0,"ix":5},"nm":"Transform"}],"nm":"Group 15","np":4,"cix":2,"bm":0,"ix":15,"mn":"ADBE Vector Group","hd":false},{"ty":"gr","it":[{"ind":0,"ty":"sh","ix":1,"ks":{"a":0,"k":{"i":[[1.944,24.2],[-29.977,16.894],[0,0],[0,0],[0,0],[0,0],[0,0],[-17.786,-73.44],[20.793,-7.024],[0,0],[0,0],[0,0],[0.797,0.103],[0,0],[0,0],[6.247,16.083]],"o":[[-1.134,-14.114],[0,0],[0,0],[0,0],[0,0],[0,0],[20.75,-2.74],[16.508,68.156],[0,0],[0,0],[0,0],[-0.81,-0.047],[0,0],[0,0],[-17.528,-2.299],[-5.481,-14.111]],"v":[[-79.949,-7.923],[-55.381,-81.337],[-55.388,-81.344],[-47.825,-87.915],[-24.934,-98.227],[-23.105,-89.257],[2.967,-92.576],[68.85,-19.738],[49.035,74.1],[10.755,87.033],[-1.536,98.228],[-23.887,96.103],[-26.297,95.874],[-26.312,95.872],[-26.312,95.871],[-64.492,61.794]],"c":true},"ix":2},"nm":"Path 1","mn":"ADBE Vector Shape - Group","hd":false},{"ty":"fl","c":{"a":0,"k":[0,0.475,0.717999985639,1],"ix":4},"o":{"a":0,"k":100,"ix":5},"r":1,"bm":0,"nm":"Fill 1","mn":"ADBE Vector Graphic - Fill","hd":false},{"ty":"tr","p":{"a":0,"k":[113.051,130.321],"ix":2},"a":{"a":0,"k":[0,0],"ix":1},"s":{"a":0,"k":[100,100],"ix":3},"r":{"a":0,"k":0,"ix":6},"o":{"a":0,"k":100,"ix":7},"sk":{"a":0,"k":0,"ix":4},"sa":{"a":0,"k":0,"ix":5},"nm":"Transform"}],"nm":"Group 16","np":4,"cix":2,"bm":0,"ix":16,"mn":"ADBE Vector Group","hd":false},{"ty":"gr","it":[{"ind":0,"ty":"sh","ix":1,"ks":{"a":0,"k":{"i":[[-0.832,-12.427],[48.767,-3.265],[0.832,12.427],[-48.767,3.265]],"o":[[0.833,12.427],[-48.768,3.265],[-0.832,-12.427],[48.767,-3.265]],"v":[[88.301,-5.911],[1.507,22.501],[-88.301,5.912],[-1.506,-22.5]],"c":true},"ix":2},"nm":"Path 1","mn":"ADBE Vector Shape - Group","hd":false},{"ty":"fl","c":{"a":0,"k":[0.4,0.6,0.169000004787,1],"ix":4},"o":{"a":0,"k":100,"ix":5},"r":1,"bm":0,"nm":"Fill 1","mn":"ADBE Vector Graphic - Fill","hd":false},{"ty":"tr","p":{"a":0,"k":[153.501,205.57],"ix":2},"a":{"a":0,"k":[0,0],"ix":1},"s":{"a":0,"k":[100,100],"ix":3},"r":{"a":0,"k":0,"ix":6},"o":{"a":0,"k":100,"ix":7},"sk":{"a":0,"k":0,"ix":4},"sa":{"a":0,"k":0,"ix":5},"nm":"Transform"}],"nm":"Group 17","np":4,"cix":2,"bm":0,"ix":17,"mn":"ADBE Vector Group","hd":false}],"ip":0,"op":250,"st":0,"bm":0},{"ddd":0,"ind":7,"ty":4,"nm":"Citizen Outlines","sr":1,"ks":{"o":{"a":1,"k":[{"i":{"x":[0.667],"y":[1]},"o":{"x":[0.167],"y":[0.167]},"t":5,"s":[0],"e":[100]},{"t":13}],"ix":11},"r":{"a":0,"k":0,"ix":10},"p":{"a":1,"k":[{"i":{"x":0.667,"y":1},"o":{"x":0.167,"y":0.167},"t":5,"s":[317,339.432,0],"e":[317,268.432,0],"to":[0,-6.163,0],"ti":[0,13.285,0]},{"i":{"x":0.667,"y":1},"o":{"x":0.333,"y":0},"t":10,"s":[317,268.432,0],"e":[317,279.432,0],"to":[0,-4.679,0],"ti":[0,2.171,0]},{"t":13}],"ix":2},"a":{"a":0,"k":[40.366,45.167,0],"ix":1},"s":{"a":1,"k":[{"i":{"x":[0.667,0.667,0.667],"y":[1,1,1]},"o":{"x":[0.167,0.167,0.167],"y":[0,0,0]},"t":5,"s":[100,100,100],"e":[100,100,100]},{"t":13}],"ix":6}},"ao":0,"shapes":[{"ty":"gr","it":[{"ind":0,"ty":"sh","ix":1,"ks":{"a":0,"k":{"i":[[-0.422,0.05],[0,0],[0,0],[-0.267,0.401],[-0.328,-0.309],[0,0],[0.113,-0.363],[0.338,-0.04],[0,0],[0.03,0.503]],"o":[[0,0],[0,0],[-0.329,-0.309],[0.267,-0.4],[0,0],[0.262,0.246],[-0.081,0.375],[0,0],[-0.423,0.05],[-0.03,-0.504]],"v":[[-3.326,1.921],[1.335,1.372],[-2.291,-2.036],[-2.403,-3.326],[-1.32,-3.493],[3.725,1.247],[3.955,2.275],[3.268,2.988],[-3.215,3.753],[-4.038,2.928]],"c":true},"ix":2},"nm":"Path 1","mn":"ADBE Vector Shape - Group","hd":false},{"ty":"fl","c":{"a":0,"k":[0.187999994615,0.187999994615,0.187999994615,1],"ix":4},"o":{"a":0,"k":100,"ix":5},"r":1,"bm":0,"nm":"Fill 1","mn":"ADBE Vector Graphic - Fill","hd":false},{"ty":"tr","p":{"a":0,"k":[23.611,18.962],"ix":2},"a":{"a":0,"k":[0,0],"ix":1},"s":{"a":0,"k":[100,100],"ix":3},"r":{"a":0,"k":0,"ix":6},"o":{"a":0,"k":100,"ix":7},"sk":{"a":0,"k":0,"ix":4},"sa":{"a":0,"k":0,"ix":5},"nm":"Transform"}],"nm":"Group 1","np":4,"cix":2,"bm":0,"ix":1,"mn":"ADBE Vector Group","hd":false},{"ty":"gr","it":[{"ind":0,"ty":"sh","ix":1,"ks":{"a":0,"k":{"i":[[3.646,2.06],[2.613,-4.835],[-3.646,-2.059],[-2.614,4.835]],"o":[[-3.646,-2.058],[-2.614,4.835],[3.647,2.058],[2.614,-4.835]],"v":[[4.735,-8.758],[-6.602,-3.727],[-4.734,8.757],[6.602,3.727]],"c":true},"ix":2},"nm":"Path 1","mn":"ADBE Vector Shape - Group","hd":false},{"ty":"fl","c":{"a":0,"k":[1,1,1,1],"ix":4},"o":{"a":0,"k":100,"ix":5},"r":1,"bm":0,"nm":"Fill 1","mn":"ADBE Vector Graphic - Fill","hd":false},{"ty":"tr","p":{"a":0,"k":[22.543,19.687],"ix":2},"a":{"a":0,"k":[0,0],"ix":1},"s":{"a":0,"k":[100,100],"ix":3},"r":{"a":0,"k":0,"ix":6},"o":{"a":0,"k":100,"ix":7},"sk":{"a":0,"k":0,"ix":4},"sa":{"a":0,"k":0,"ix":5},"nm":"Transform"}],"nm":"Group 2","np":4,"cix":2,"bm":0,"ix":2,"mn":"ADBE Vector Group","hd":false},{"ty":"gr","it":[{"ind":0,"ty":"sh","ix":1,"ks":{"a":0,"k":{"i":[[2.965,-4.387],[3.246,2.548],[0.433,1.059],[-0.218,0.083],[0,0],[-0.021,0.01],[-0.009,0.004],[-0.007,0.01],[-0.002,0.009],[-0.494,1.067],[-3.052,2.811],[-1.063,-0.837]],"o":[[-2.966,4.388],[-0.88,-0.691],[0.169,-0.152],[0,0],[0.025,-0.009],[0.008,-0.004],[0.013,-0.008],[0.01,-0.008],[0.582,-1.442],[1.867,-3.878],[1.315,0.004],[3.246,2.548]],"v":[[5.127,3.964],[-6.119,7.292],[-8.092,4.621],[-7.505,4.267],[-7.503,4.268],[-7.43,4.24],[-7.406,4.228],[-7.374,4.204],[-7.355,4.178],[-6.473,0.277],[0.982,-9.84],[4.62,-8.597]],"c":true},"ix":2},"nm":"Path 1","mn":"ADBE Vector Shape - Group","hd":false},{"ty":"fl","c":{"a":0,"k":[0.855000035903,0.556999954523,0.816000007181,1],"ix":4},"o":{"a":0,"k":100,"ix":5},"r":1,"bm":0,"nm":"Fill 1","mn":"ADBE Vector Graphic - Fill","hd":false},{"ty":"tr","p":{"a":0,"k":[22.88,21.893],"ix":2},"a":{"a":0,"k":[0,0],"ix":1},"s":{"a":0,"k":[100,100],"ix":3},"r":{"a":0,"k":0,"ix":6},"o":{"a":0,"k":100,"ix":7},"sk":{"a":0,"k":0,"ix":4},"sa":{"a":0,"k":0,"ix":5},"nm":"Transform"}],"nm":"Group 3","np":4,"cix":2,"bm":0,"ix":3,"mn":"ADBE Vector Group","hd":false},{"ty":"gr","it":[{"ind":0,"ty":"sh","ix":1,"ks":{"a":0,"k":{"i":[[0.379,0.301],[0,0],[0,0],[0.035,0.499],[0.486,-0.056],[0,0],[0.093,-0.373],[-0.302,-0.241],[0,0],[-0.307,0.403]],"o":[[0,0],[0,0],[0.487,-0.057],[-0.036,-0.499],[0,0],[-0.389,0.046],[-0.129,0.362],[0,0],[0.379,0.301],[0.307,-0.402]],"v":[[2.645,2.026],[-1.539,-1.29],[3.832,-1.92],[4.652,-2.93],[3.702,-3.736],[-3.767,-2.861],[-4.558,-2.141],[-4.29,-1.122],[1.529,3.49],[2.776,3.305]],"c":true},"ix":2},"nm":"Path 1","mn":"ADBE Vector Shape - Group","hd":false},{"ty":"fl","c":{"a":0,"k":[0.187999994615,0.187999994615,0.187999994615,1],"ix":4},"o":{"a":0,"k":100,"ix":5},"r":1,"bm":0,"nm":"Fill 1","mn":"ADBE Vector Graphic - Fill","hd":false},{"ty":"tr","p":{"a":0,"k":[42.448,25.403],"ix":2},"a":{"a":0,"k":[0,0],"ix":1},"s":{"a":0,"k":[100,100],"ix":3},"r":{"a":0,"k":0,"ix":6},"o":{"a":0,"k":100,"ix":7},"sk":{"a":0,"k":0,"ix":4},"sa":{"a":0,"k":0,"ix":5},"nm":"Transform"}],"nm":"Group 4","np":4,"cix":2,"bm":0,"ix":4,"mn":"ADBE Vector Group","hd":false},{"ty":"gr","it":[{"ind":0,"ty":"sh","ix":1,"ks":{"a":0,"k":{"i":[[5.278,1.57],[1.57,-5.275],[-5.276,-1.57],[-1.569,5.276]],"o":[[-5.277,-1.57],[-1.57,5.276],[5.28,1.571],[1.569,-5.275]],"v":[[2.844,-9.556],[-9.555,-2.844],[-2.843,9.555],[9.556,2.843]],"c":true},"ix":2},"nm":"Path 1","mn":"ADBE Vector Shape - Group","hd":false},{"ty":"fl","c":{"a":0,"k":[1,1,1,1],"ix":4},"o":{"a":0,"k":100,"ix":5},"r":1,"bm":0,"nm":"Fill 1","mn":"ADBE Vector Graphic - Fill","hd":false},{"ty":"tr","p":{"a":0,"k":[44.538,26.197],"ix":2},"a":{"a":0,"k":[0,0],"ix":1},"s":{"a":0,"k":[100,100],"ix":3},"r":{"a":0,"k":0,"ix":6},"o":{"a":0,"k":100,"ix":7},"sk":{"a":0,"k":0,"ix":4},"sa":{"a":0,"k":0,"ix":5},"nm":"Transform"}],"nm":"Group 5","np":4,"cix":2,"bm":0,"ix":5,"mn":"ADBE Vector Group","hd":false},{"ty":"gr","it":[{"ind":0,"ty":"sh","ix":1,"ks":{"a":0,"k":{"i":[[4.884,2.127],[2.128,-4.881],[-4.88,-2.128],[-2.129,4.883]],"o":[[-4.882,-2.13],[-2.129,4.884],[4.885,2.127],[2.129,-4.882]],"v":[[3.854,-8.841],[-8.841,-3.854],[-3.857,8.844],[8.841,3.855]],"c":true},"ix":2},"nm":"Path 1","mn":"ADBE Vector Shape - Group","hd":false},{"ty":"fl","c":{"a":0,"k":[0.855000035903,0.556999954523,0.816000007181,1],"ix":4},"o":{"a":0,"k":100,"ix":5},"r":1,"bm":0,"nm":"Fill 1","mn":"ADBE Vector Graphic - Fill","hd":false},{"ty":"tr","p":{"a":0,"k":[44.678,27.822],"ix":2},"a":{"a":0,"k":[0,0],"ix":1},"s":{"a":0,"k":[100,100],"ix":3},"r":{"a":0,"k":0,"ix":6},"o":{"a":0,"k":100,"ix":7},"sk":{"a":0,"k":0,"ix":4},"sa":{"a":0,"k":0,"ix":5},"nm":"Transform"}],"nm":"Group 6","np":4,"cix":2,"bm":0,"ix":6,"mn":"ADBE Vector Group","hd":false},{"ty":"gr","it":[{"ind":0,"ty":"sh","ix":1,"ks":{"a":0,"k":{"i":[[-2.038,-2.364],[1.117,-0.325],[3.021,3.482],[0.395,1.196],[-3.17,-0.936]],"o":[[-0.974,0.761],[-4.429,1.279],[-0.78,-0.896],[2.962,-0.84],[3.209,0.948]],"v":[[8.662,1.583],[5.465,3.165],[-6.817,-0.464],[-8.662,-3.604],[0.663,-3.434]],"c":true},"ix":2},"nm":"Path 1","mn":"ADBE Vector Shape - Group","hd":false},{"ty":"fl","c":{"a":0,"k":[0.709999952129,0.165000002992,0.372999991623,1],"ix":4},"o":{"a":0,"k":100,"ix":5},"r":1,"bm":0,"nm":"Fill 1","mn":"ADBE Vector Graphic - Fill","hd":false},{"ty":"tr","p":{"a":0,"k":[27.31,40.877],"ix":2},"a":{"a":0,"k":[0,0],"ix":1},"s":{"a":0,"k":[100,100],"ix":3},"r":{"a":0,"k":0,"ix":6},"o":{"a":0,"k":100,"ix":7},"sk":{"a":0,"k":0,"ix":4},"sa":{"a":0,"k":0,"ix":5},"nm":"Transform"}],"nm":"Group 7","np":4,"cix":2,"bm":0,"ix":7,"mn":"ADBE Vector Group","hd":false},{"ty":"gr","it":[{"ind":0,"ty":"sh","ix":1,"ks":{"a":0,"k":{"i":[[-1.392,-1.187],[0.654,-1.109],[0.718,-0.559],[1.117,-0.325],[3.021,3.481],[0.395,1.197],[-0.041,0.992],[-1.273,0.168],[-3.99,-1.179]],"o":[[0.979,0.836],[-0.517,0.876],[-0.973,0.761],[-4.429,1.279],[-0.78,-0.896],[-0.288,-0.841],[0.055,-1.281],[1.813,-0.24],[3.991,1.179]],"v":[[8.915,-1.573],[9.493,1.797],[7.613,3.933],[4.418,5.515],[-7.866,1.885],[-9.71,-1.256],[-10.107,-4.006],[-7.789,-6.508],[1.027,-5.615]],"c":true},"ix":2},"nm":"Path 1","mn":"ADBE Vector Shape - Group","hd":false},{"ty":"fl","c":{"a":0,"k":[0.426999978458,0.071000005685,0.231000010173,1],"ix":4},"o":{"a":0,"k":100,"ix":5},"r":1,"bm":0,"nm":"Fill 1","mn":"ADBE Vector Graphic - Fill","hd":false},{"ty":"tr","p":{"a":0,"k":[28.358,38.528],"ix":2},"a":{"a":0,"k":[0,0],"ix":1},"s":{"a":0,"k":[100,100],"ix":3},"r":{"a":0,"k":0,"ix":6},"o":{"a":0,"k":100,"ix":7},"sk":{"a":0,"k":0,"ix":4},"sa":{"a":0,"k":0,"ix":5},"nm":"Transform"}],"nm":"Group 8","np":4,"cix":2,"bm":0,"ix":8,"mn":"ADBE Vector Group","hd":false},{"ty":"gr","it":[{"ind":0,"ty":"sh","ix":1,"ks":{"a":0,"k":{"i":[[-0.2,-1.596],[1.401,-0.176],[0.2,1.595],[-1.401,0.175]],"o":[[0.2,1.595],[-1.401,0.176],[-0.201,-1.594],[1.4,-0.176]],"v":[[2.22,-0.318],[0.047,2.888],[-2.219,0.505],[-0.678,-2.888]],"c":true},"ix":2},"nm":"Path 1","mn":"ADBE Vector Shape - Group","hd":false},{"ty":"fl","c":{"a":0,"k":[0.917999985639,0.689999988032,0.894000004787,1],"ix":4},"o":{"a":0,"k":100,"ix":5},"r":1,"bm":0,"nm":"Fill 1","mn":"ADBE Vector Graphic - Fill","hd":false},{"ty":"tr","p":{"a":0,"k":[70.8,32.752],"ix":2},"a":{"a":0,"k":[0,0],"ix":1},"s":{"a":0,"k":[100,100],"ix":3},"r":{"a":0,"k":0,"ix":6},"o":{"a":0,"k":100,"ix":7},"sk":{"a":0,"k":0,"ix":4},"sa":{"a":0,"k":0,"ix":5},"nm":"Transform"}],"nm":"Group 9","np":4,"cix":2,"bm":0,"ix":9,"mn":"ADBE Vector Group","hd":false},{"ty":"gr","it":[{"ind":0,"ty":"sh","ix":1,"ks":{"a":0,"k":{"i":[[3.027,-4.521],[2.558,-1.876],[0.322,0.028],[1.277,0.254],[-1.799,16.796],[-0.021,0.152],[-8.956,-2.646],[-3.074,-3.37]],"o":[[-2.253,3.363],[-0.32,-0.019],[-1.288,-0.118],[-15.44,-3.071],[0.019,-0.155],[4.282,-1.055],[9.399,2.776],[3.284,3.597]],"v":[[19.241,9.988],[11.932,17.745],[10.972,17.673],[7.118,17.116],[-20.469,-15.713],[-20.41,-16.174],[-2.024,-15.099],[18.794,-4.245]],"c":true},"ix":2},"nm":"Path 1","mn":"ADBE Vector Shape - Group","hd":false},{"ty":"fl","c":{"a":0,"k":[0.961000031116,0.702000038297,0.816000007181,1],"ix":4},"o":{"a":0,"k":100,"ix":5},"r":1,"bm":0,"nm":"Fill 1","mn":"ADBE Vector Graphic - Fill","hd":false},{"ty":"tr","p":{"a":0,"k":[29.124,65.194],"ix":2},"a":{"a":0,"k":[0,0],"ix":1},"s":{"a":0,"k":[100,100],"ix":3},"r":{"a":0,"k":0,"ix":6},"o":{"a":0,"k":100,"ix":7},"sk":{"a":0,"k":0,"ix":4},"sa":{"a":0,"k":0,"ix":5},"nm":"Transform"}],"nm":"Group 10","np":4,"cix":2,"bm":0,"ix":10,"mn":"ADBE Vector Group","hd":false},{"ty":"gr","it":[{"ind":0,"ty":"sh","ix":1,"ks":{"a":0,"k":{"i":[[3.576,-2.015],[4.242,3.56],[-1.559,1.86],[-4.242,-3.56]],"o":[[-2.115,1.19],[-4.244,-3.559],[1.561,-1.858],[4.242,3.56]],"v":[[6.766,6.693],[0.24,0.932],[-8.783,-6.025],[3.857,-4.098]],"c":true},"ix":2},"nm":"Path 1","mn":"ADBE Vector Shape - Group","hd":false},{"ty":"fl","c":{"a":0,"k":[0.917999985639,0.689999988032,0.894000004787,1],"ix":4},"o":{"a":0,"k":100,"ix":5},"r":1,"bm":0,"nm":"Fill 1","mn":"ADBE Vector Graphic - Fill","hd":false},{"ty":"tr","p":{"a":0,"k":[62.193,19.275],"ix":2},"a":{"a":0,"k":[0,0],"ix":1},"s":{"a":0,"k":[100,100],"ix":3},"r":{"a":0,"k":0,"ix":6},"o":{"a":0,"k":100,"ix":7},"sk":{"a":0,"k":0,"ix":4},"sa":{"a":0,"k":0,"ix":5},"nm":"Transform"}],"nm":"Group 11","np":4,"cix":2,"bm":0,"ix":11,"mn":"ADBE Vector Group","hd":false},{"ty":"gr","it":[{"ind":0,"ty":"sh","ix":1,"ks":{"a":0,"k":{"i":[[12.639,0.844],[0.328,0.03],[1.305,0.262],[-1.736,16.814],[-0.02,0.152],[-2.307,6.342],[-0.383,0.963],[-0.21,0.186],[-0.218,0.083],[0,0],[-0.012,0.003],[-0.01,0.004],[-0.009,0.004],[-0.009,0.009],[-0.003,0.011],[-0.494,1.066],[-3.053,2.811],[-15.417,-9.608],[6.151,-12.744],[0.785,-2.595],[0.42,-3.446],[0.18,-0.854]],"o":[[-0.327,-0.021],[-1.314,-0.124],[-15.766,-3.167],[0.018,-0.154],[0.831,-6.801],[0,0],[0.106,-0.267],[0.169,-0.152],[0,0],[0.013,-0.006],[0.013,-0.003],[0.008,-0.003],[0.014,-0.008],[0.01,-0.007],[0.582,-1.441],[1.867,-3.879],[9.959,-9.18],[12.564,7.833],[-1.405,3.059],[-0.978,3.239],[-0.091,0.917],[-2.55,12.215]],"v":[[-1.789,41.05],[-2.768,40.972],[-6.703,40.392],[-35.032,7.344],[-34.976,6.882],[-30.333,-12.637],[-29.412,-14.946],[-28.926,-15.63],[-28.339,-15.984],[-28.337,-15.983],[-28.301,-15.998],[-28.265,-16.011],[-28.24,-16.023],[-28.209,-16.047],[-28.189,-16.073],[-27.308,-19.973],[-19.851,-30.091],[20.956,-32.286],[30.617,0.742],[26.879,10.928],[24.906,20.934],[24.497,23.591]],"c":true},"ix":2},"nm":"Path 1","mn":"ADBE Vector Shape - Group","hd":false},{"ty":"fl","c":{"a":0,"k":[0.855000035903,0.556999954523,0.816000007181,1],"ix":4},"o":{"a":0,"k":100,"ix":5},"r":1,"bm":0,"nm":"Fill 1","mn":"ADBE Vector Graphic - Fill","hd":false},{"ty":"tr","p":{"a":0,"k":[43.714,42.144],"ix":2},"a":{"a":0,"k":[0,0],"ix":1},"s":{"a":0,"k":[100,100],"ix":3},"r":{"a":0,"k":0,"ix":6},"o":{"a":0,"k":100,"ix":7},"sk":{"a":0,"k":0,"ix":4},"sa":{"a":0,"k":0,"ix":5},"nm":"Transform"}],"nm":"Group 12","np":4,"cix":2,"bm":0,"ix":12,"mn":"ADBE Vector Group","hd":false},{"ty":"gr","it":[{"ind":0,"ty":"sh","ix":1,"ks":{"a":0,"k":{"i":[[0.16,-5.009],[19.657,0.63],[-0.16,5.009],[-19.657,-0.63]],"o":[[-0.161,5.009],[-19.657,-0.63],[0.162,-5.009],[19.657,0.63]],"v":[[35.592,1.141],[-0.291,9.07],[-35.593,-1.14],[0.29,-9.069]],"c":true},"ix":2},"nm":"Path 1","mn":"ADBE Vector Shape - Group","hd":false},{"ty":"fl","c":{"a":0,"k":[0.4,0.6,0.169000004787,1],"ix":4},"o":{"a":0,"k":100,"ix":5},"r":1,"bm":0,"nm":"Fill 1","mn":"ADBE Vector Graphic - Fill","hd":false},{"ty":"tr","p":{"a":0,"k":[35.593,81.191],"ix":2},"a":{"a":0,"k":[0,0],"ix":1},"s":{"a":0,"k":[100,100],"ix":3},"r":{"a":0,"k":0,"ix":6},"o":{"a":0,"k":100,"ix":7},"sk":{"a":0,"k":0,"ix":4},"sa":{"a":0,"k":0,"ix":5},"nm":"Transform"}],"nm":"Group 13","np":4,"cix":2,"bm":0,"ix":13,"mn":"ADBE Vector Group","hd":false}],"ip":0,"op":250,"st":0,"bm":0},{"ddd":0,"ind":8,"ty":4,"nm":"ground Outlines","sr":1,"ks":{"o":{"a":1,"k":[{"i":{"x":[0.833],"y":[0.833]},"o":{"x":[0.167],"y":[0.167]},"t":5,"s":[0],"e":[100]},{"t":10}],"ix":11},"r":{"a":0,"k":0,"ix":10},"p":{"a":0,"k":[250.662,334.402,0],"ix":2},"a":{"a":0,"k":[205.979,56.947,0],"ix":1},"s":{"a":1,"k":[{"i":{"x":[0.833,0.833,0.833],"y":[0.833,0.833,0.833]},"o":{"x":[0.167,0.167,0.167],"y":[0.167,0.167,0.167]},"t":5,"s":[90,90,100],"e":[100,100,100]},{"t":10}],"ix":6}},"ao":0,"shapes":[{"ty":"gr","it":[{"ind":0,"ty":"sh","ix":1,"ks":{"a":0,"k":{"i":[[0,-31.313],[113.621,0],[0,31.312],[-113.621,0]],"o":[[0,31.312],[-113.621,0],[0,-31.313],[113.621,0]],"v":[[205.729,13.543],[0,56.697],[-205.729,13.543],[0,-56.697]],"c":true},"ix":2},"nm":"Path 1","mn":"ADBE Vector Shape - Group","hd":false},{"ty":"fl","c":{"a":0,"k":[0.725,0.877999997606,0.528999956916,1],"ix":4},"o":{"a":0,"k":100,"ix":5},"r":1,"bm":0,"nm":"Fill 1","mn":"ADBE Vector Graphic - Fill","hd":false},{"ty":"tr","p":{"a":0,"k":[205.979,56.947],"ix":2},"a":{"a":0,"k":[0,0],"ix":1},"s":{"a":0,"k":[100,100],"ix":3},"r":{"a":0,"k":0,"ix":6},"o":{"a":0,"k":100,"ix":7},"sk":{"a":0,"k":0,"ix":4},"sa":{"a":0,"k":0,"ix":5},"nm":"Transform"}],"nm":"Group 1","np":4,"cix":2,"bm":0,"ix":1,"mn":"ADBE Vector Group","hd":false}],"ip":0,"op":250,"st":0,"bm":0}],"markers":[]}