{"v":"5.6.3","fr":60,"ip":0,"op":600,"w":1500,"h":602,"nm":"Slide 3","ddd":0,"assets":[{"id":"comp_0","layers":[{"ddd":0,"ind":1,"ty":5,"nm":"Biaya Iklan 3","parent":3,"sr":1,"ks":{"o":{"a":0,"k":100,"ix":11},"r":{"a":0,"k":-180,"ix":10},"p":{"a":0,"k":[71.5,69.808,0],"ix":2},"a":{"a":0,"k":[0,0,0],"ix":1},"s":{"a":0,"k":[303.05,303.05,100],"ix":6}},"ao":0,"t":{"d":{"k":[{"s":{"sz":[30.7614994049072,16.4018993377686],"ps":[-15.3807497024536,-8.20094966888428],"s":5.82003021240234,"f":"Helvetica","t":"Biaya Iklan","j":2,"tr":0,"lh":6.98403625488281,"ls":0,"fc":[1,1,1]},"t":0}]},"p":{},"m":{"g":1,"a":{"a":0,"k":[0,0],"ix":2}},"a":[]},"ip":390,"op":990,"st":390,"bm":0},{"ddd":0,"ind":2,"ty":5,"nm":"Description 3","parent":3,"sr":1,"ks":{"o":{"a":0,"k":100,"ix":11},"r":{"a":0,"k":-180,"ix":10},"p":{"a":0,"k":[71.554,39.543,0],"ix":2},"a":{"a":0,"k":[0,0,0],"ix":1},"s":{"a":0,"k":[357.719,357.719,100],"ix":6}},"ao":0,"t":{"d":{"k":[{"s":{"sz":[33.3879203796387,16.3666191101074],"ps":[-16.6939601898193,-8.18330955505371],"s":10.2291402816772,"f":"NunitoSans-ExtraBold","t":"Rp400","j":2,"tr":0,"lh":12.2749683380127,"ls":0,"fc":[1,1,1]},"t":0}]},"p":{},"m":{"g":1,"a":{"a":0,"k":[0,0],"ix":2}},"a":[]},"ip":390,"op":990,"st":390,"bm":0},{"ddd":0,"ind":3,"ty":0,"nm":"Tooltip Parent 3","parent":14,"refId":"comp_1","sr":1,"ks":{"o":{"a":1,"k":[{"i":{"x":[0.667],"y":[1]},"o":{"x":[0.333],"y":[0]},"t":389,"s":[0]},{"t":419,"s":[100]}],"ix":11},"r":{"a":0,"k":0,"ix":10},"p":{"a":1,"k":[{"i":{"x":0.833,"y":0.833},"o":{"x":0.167,"y":0.167},"t":389,"s":[168.232,-109.99,0],"to":[0,-9.112,0],"ti":[0,6.666,0]},{"i":{"x":0.833,"y":0.833},"o":{"x":0.167,"y":0.167},"t":419,"s":[168.232,-164.663,0],"to":[0,-6.666,0],"ti":[0,-2.446,0]},{"t":448,"s":[168.232,-149.986,0]}],"ix":2},"a":{"a":0,"k":[71.5,55.5,0],"ix":1},"s":{"a":0,"k":[-73.386,-73.386,100],"ix":6}},"ao":0,"w":143,"h":111,"ip":389,"op":989,"st":389,"bm":0},{"ddd":0,"ind":4,"ty":0,"nm":"Circle","parent":14,"refId":"comp_2","sr":1,"ks":{"o":{"a":0,"k":100,"ix":11},"r":{"a":0,"k":0,"ix":10},"p":{"a":0,"k":[168.086,-93.04,0],"ix":2},"a":{"a":0,"k":[20,20,0],"ix":1},"s":{"a":1,"k":[{"i":{"x":[0.667,0.667,0.667],"y":[1,1,1]},"o":{"x":[0.333,0.333,0.333],"y":[0,0,0]},"t":389,"s":[0,0,100]},{"i":{"x":[0.667,0.667,0.667],"y":[1,1,1]},"o":{"x":[0.333,0.333,0.333],"y":[0,0,0]},"t":419,"s":[120,-120,100]},{"t":449,"s":[100,-100,100]}],"ix":6}},"ao":0,"w":40,"h":40,"ip":389,"op":989,"st":389,"bm":0},{"ddd":0,"ind":5,"ty":5,"nm":"Description 2","parent":7,"sr":1,"ks":{"o":{"a":0,"k":100,"ix":11},"r":{"a":0,"k":-180,"ix":10},"p":{"a":0,"k":[71.554,39.543,0],"ix":2},"a":{"a":0,"k":[0,0,0],"ix":1},"s":{"a":0,"k":[357.719,357.719,100],"ix":6}},"ao":0,"t":{"d":{"k":[{"s":{"sz":[33.3879203796387,16.3666191101074],"ps":[-16.6939601898193,-8.18330955505371],"s":10.2291402816772,"f":"NunitoSans-ExtraBold","t":"Rp300","j":2,"tr":0,"lh":12.2749683380127,"ls":0,"fc":[1,1,1]},"t":0}]},"p":{},"m":{"g":1,"a":{"a":0,"k":[0,0],"ix":2}},"a":[]},"ip":181,"op":781,"st":181,"bm":0},{"ddd":0,"ind":6,"ty":5,"nm":"Biaya Iklan 2","parent":7,"sr":1,"ks":{"o":{"a":0,"k":100,"ix":11},"r":{"a":0,"k":-180,"ix":10},"p":{"a":0,"k":[71.5,69.808,0],"ix":2},"a":{"a":0,"k":[0,0,0],"ix":1},"s":{"a":0,"k":[303.05,303.05,100],"ix":6}},"ao":0,"t":{"d":{"k":[{"s":{"sz":[30.7614994049072,16.4018993377686],"ps":[-15.3807497024536,-8.20094966888428],"s":5.82003021240234,"f":"Helvetica","t":"Biaya Iklan","j":2,"tr":0,"lh":6.98403625488281,"ls":0,"fc":[1,1,1]},"t":0}]},"p":{},"m":{"g":1,"a":{"a":0,"k":[0,0],"ix":2}},"a":[]},"ip":181,"op":781,"st":181,"bm":0},{"ddd":0,"ind":7,"ty":0,"nm":"Tooltip Parent 2","parent":14,"refId":"comp_1","sr":1,"ks":{"o":{"a":1,"k":[{"i":{"x":[0.667],"y":[1]},"o":{"x":[0.333],"y":[0]},"t":180,"s":[0]},{"t":210,"s":[100]}],"ix":11},"r":{"a":0,"k":0,"ix":10},"p":{"a":1,"k":[{"i":{"x":0.667,"y":1},"o":{"x":0.333,"y":0},"t":180,"s":[-191.288,-68.528,0],"to":[0,-7.339,0],"ti":[0,4.892,0]},{"i":{"x":0.667,"y":1},"o":{"x":0.333,"y":0},"t":209,"s":[-191.288,-112.559,0],"to":[0,-4.892,0],"ti":[0,-2.446,0]},{"t":240,"s":[-191.288,-97.882,0]}],"ix":2},"a":{"a":0,"k":[71.5,55.5,0],"ix":1},"s":{"a":0,"k":[-73.386,-73.386,100],"ix":6}},"ao":0,"w":143,"h":111,"ip":180,"op":780,"st":180,"bm":0},{"ddd":0,"ind":8,"ty":0,"nm":"Circle","parent":14,"refId":"comp_2","sr":1,"ks":{"o":{"a":0,"k":100,"ix":11},"r":{"a":0,"k":0,"ix":10},"p":{"a":0,"k":[-192.235,-42.954,0],"ix":2},"a":{"a":0,"k":[20,20,0],"ix":1},"s":{"a":1,"k":[{"i":{"x":[0.833,0.833,0.833],"y":[1,1,1]},"o":{"x":[0.333,0.333,0.333],"y":[0,0,0]},"t":180,"s":[0,0,100]},{"i":{"x":[0.833,0.833,0.833],"y":[1,1,1]},"o":{"x":[0.167,0.167,0.167],"y":[0,0,0]},"t":209,"s":[120,120,100]},{"t":239,"s":[100,100,100]}],"ix":6}},"ao":0,"w":40,"h":40,"ip":180,"op":780,"st":180,"bm":0},{"ddd":0,"ind":9,"ty":5,"nm":"Biaya Iklan","parent":11,"sr":1,"ks":{"o":{"a":0,"k":100,"ix":11},"r":{"a":0,"k":-180,"ix":10},"p":{"a":0,"k":[71.5,69.808,0],"ix":2},"a":{"a":0,"k":[0,0,0],"ix":1},"s":{"a":0,"k":[303.05,303.05,100],"ix":6}},"ao":0,"t":{"d":{"k":[{"s":{"sz":[30.7614994049072,16.4018993377686],"ps":[-15.3807497024536,-8.20094966888428],"s":5.82003021240234,"f":"Helvetica","t":"Biaya Iklan","j":2,"tr":0,"lh":6.98403625488281,"ls":0,"fc":[1,1,1]},"t":0}]},"p":{},"m":{"g":1,"a":{"a":0,"k":[0,0],"ix":2}},"a":[]},"ip":0,"op":600,"st":0,"bm":0},{"ddd":0,"ind":10,"ty":5,"nm":"Description","parent":11,"sr":1,"ks":{"o":{"a":0,"k":100,"ix":11},"r":{"a":0,"k":-180,"ix":10},"p":{"a":0,"k":[71.554,39.543,0],"ix":2},"a":{"a":0,"k":[0,0,0],"ix":1},"s":{"a":0,"k":[357.719,357.719,100],"ix":6}},"ao":0,"t":{"d":{"k":[{"s":{"sz":[33.3879203796387,16.3666191101074],"ps":[-16.6939601898193,-8.18330955505371],"s":10.2291402816772,"f":"NunitoSans-ExtraBold","t":"Rp350","j":2,"tr":0,"lh":12.2749683380127,"ls":0,"fc":[1,1,1]},"t":0}]},"p":{},"m":{"g":1,"a":{"a":0,"k":[0,0],"ix":2}},"a":[]},"ip":0,"op":600,"st":0,"bm":0},{"ddd":0,"ind":11,"ty":0,"nm":"Tooltip Parent","parent":14,"refId":"comp_1","sr":1,"ks":{"o":{"a":1,"k":[{"i":{"x":[0.667],"y":[1]},"o":{"x":[0.333],"y":[0]},"t":0,"s":[0]},{"t":30,"s":[100]}],"ix":11},"r":{"a":0,"k":0,"ix":10},"p":{"a":1,"k":[{"i":{"x":0.667,"y":1},"o":{"x":0.333,"y":0},"t":0,"s":[-557.932,-134.604,0],"to":[0,-7.339,0],"ti":[0,6.36,0]},{"i":{"x":0.667,"y":1},"o":{"x":0.333,"y":0},"t":30,"s":[-557.932,-178.636,0],"to":[0,-6.36,0],"ti":[0,-0.978,0]},{"t":60,"s":[-557.932,-172.765,0]}],"ix":2},"a":{"a":0,"k":[71.5,55.5,0],"ix":1},"s":{"a":0,"k":[-73.386,-73.386,100],"ix":6}},"ao":0,"w":143,"h":111,"ip":0,"op":600,"st":0,"bm":0},{"ddd":0,"ind":12,"ty":0,"nm":"Circle","parent":14,"refId":"comp_2","sr":1,"ks":{"o":{"a":0,"k":100,"ix":11},"r":{"a":0,"k":0,"ix":10},"p":{"a":0,"k":[-556.463,-115.973,0],"ix":2},"a":{"a":0,"k":[20,20,0],"ix":1},"s":{"a":1,"k":[{"i":{"x":[0.667,0.667,0.667],"y":[1,1,1]},"o":{"x":[0.333,0.333,0.333],"y":[0,0,0]},"t":0,"s":[0,0,100]},{"i":{"x":[0.667,0.667,0.667],"y":[1,1,1]},"o":{"x":[0.333,0.333,0.333],"y":[0,0,0]},"t":30,"s":[120,-120,100]},{"t":60,"s":[100,-100,100]}],"ix":6}},"ao":0,"w":40,"h":40,"ip":0,"op":600,"st":0,"bm":0},{"ddd":0,"ind":13,"ty":4,"nm":"Vector 48","parent":14,"sr":1,"ks":{"o":{"a":0,"k":100,"ix":11},"r":{"a":0,"k":0,"ix":10},"p":{"a":0,"k":[193.101,-93.595,0],"ix":2},"a":{"a":0,"k":[0,0,0],"ix":1},"s":{"a":0,"k":[100,100,100],"ix":6}},"ao":0,"shapes":[{"ty":"gr","it":[{"ind":0,"ty":"sh","ix":1,"ks":{"a":0,"k":{"i":[[0,0],[0,0],[0,0],[0,0],[0,0],[0,0],[0,0],[0,0],[0,0]],"o":[[0,0],[0,0],[0,0],[0,0],[0,0],[0,0],[0,0],[0,0],[0,0]],"v":[[-311.305,-7.29],[-247.484,-7.29],[-194.255,17.353],[-126.344,17.067],[-68.73,-3.27],[-8.351,0.278],[50.439,-17.954],[123.794,-17.954],[184.173,-52.116]],"c":false},"ix":2},"nm":"Path 1","mn":"ADBE Vector Shape - Group","hd":false},{"ty":"st","c":{"a":0,"k":[0.011764706112,0.674509823322,0.054901961237,1],"ix":3},"o":{"a":0,"k":100,"ix":4},"w":{"a":0,"k":2.116,"ix":5},"lc":1,"lj":1,"ml":4,"bm":0,"nm":"Stroke 1","mn":"ADBE Vector Graphic - Stroke","hd":false},{"ty":"tr","p":{"a":0,"k":[0,0],"ix":2},"a":{"a":0,"k":[0,0],"ix":1},"s":{"a":0,"k":[303.05,303.05],"ix":3},"r":{"a":0,"k":0,"ix":6},"o":{"a":0,"k":100,"ix":7},"sk":{"a":0,"k":0,"ix":4},"sa":{"a":0,"k":0,"ix":5},"nm":"Transform"}],"nm":"Vector 48","np":2,"cix":2,"bm":0,"ix":1,"mn":"ADBE Vector Group","hd":false}],"ip":0,"op":600,"st":0,"bm":0},{"ddd":0,"ind":14,"ty":4,"nm":"Stats parent","sr":1,"ks":{"o":{"a":0,"k":20,"ix":11},"r":{"a":0,"k":0,"ix":10},"p":{"a":1,"k":[{"i":{"x":0.833,"y":0.833},"o":{"x":0.167,"y":0.167},"t":0,"s":[1762.727,443.532,0],"to":[-156.333,0,0],"ti":[156.333,0,0]},{"t":599,"s":[824.727,443.532,0]}],"ix":2},"a":{"a":0,"k":[0,0,0],"ix":1},"s":{"a":0,"k":[136.267,136.267,100],"ix":6}},"ao":0,"shapes":[{"ty":"gr","it":[{"ind":0,"ty":"sh","ix":1,"ks":{"a":0,"k":{"i":[[0,0],[0,0],[0,0],[0,0],[0,0],[0,0],[0,0],[0,0],[0,0],[0,0],[0,0]],"o":[[0,0],[0,0],[0,0],[0,0],[0,0],[0,0],[0,0],[0,0],[0,0],[0,0],[0,0]],"v":[[-183.728,-38.25],[-130.554,-13.639],[-62.714,-13.924],[-5.159,-34.225],[55.158,-30.68],[113.887,-48.874],[187.166,-48.874],[247.483,-83],[247.483,83],[-247.484,83],[-247.484,-38.25]],"c":true},"ix":2},"nm":"Path 1","mn":"ADBE Vector Shape - Group","hd":false},{"ty":"fl","c":{"a":0,"k":[0.309803932905,0.819607853889,0.352941185236,1],"ix":4},"o":{"a":0,"k":100,"ix":5},"r":1,"bm":0,"nm":"Fill 1","mn":"ADBE Vector Graphic - Fill","hd":false},{"ty":"tr","p":{"a":0,"k":[0,0],"ix":2},"a":{"a":0,"k":[0,0],"ix":1},"s":{"a":0,"k":[303.05,303.05],"ix":3},"r":{"a":0,"k":0,"ix":6},"o":{"a":0,"k":100,"ix":7},"sk":{"a":0,"k":0,"ix":4},"sa":{"a":0,"k":0,"ix":5},"nm":"Transform"}],"nm":"Vector 49","np":2,"cix":2,"bm":0,"ix":1,"mn":"ADBE Vector Group","hd":false}],"ip":0,"op":600,"st":0,"bm":0}]},{"id":"comp_1","layers":[{"ddd":0,"ind":1,"ty":4,"nm":"combined shape","sr":1,"ks":{"o":{"a":0,"k":100,"ix":11},"r":{"a":0,"k":0,"ix":10},"p":{"a":0,"k":[71.217,56.706,0],"ix":2},"a":{"a":0,"k":[0,0,0],"ix":1},"s":{"a":0,"k":[100,100,100],"ix":6}},"ao":0,"shapes":[{"ty":"gr","it":[{"ind":0,"ty":"sh","ix":1,"ks":{"a":0,"k":{"i":[[0,0],[-0.4,-0.399],[0,0],[0,0]],"o":[[0.4,-0.399],[0,0],[0,0],[0,0]],"v":[[-0.223,-17.989],[1.223,-17.989],[6.637,-12.574],[-5.637,-12.574]],"c":true},"ix":2},"nm":"Path 1","mn":"ADBE Vector Shape - Group","hd":false},{"ind":1,"ty":"sh","ix":2,"ks":{"a":0,"k":{"i":[[0,0],[-2.26,0],[0,0],[0,-2.26],[0,0],[2.26,0],[0,0],[0,2.26]],"o":[[0,-2.26],[0,0],[2.26,0],[0,0],[0,2.26],[0,0],[-2.26,0],[0,0]],"v":[[-23.5,-8.483],[-19.408,-12.574],[19.408,-12.574],[23.5,-8.483],[23.5,14.197],[19.408,18.288],[-19.408,18.288],[-23.5,14.197]],"c":true},"ix":2},"nm":"Path 2","mn":"ADBE Vector Shape - Group","hd":false},{"ty":"mm","mm":5,"nm":"Merge Paths 1","mn":"ADBE Vector Filter - Merge","hd":false},{"ty":"fl","c":{"a":0,"k":[0.192156866193,0.207843139768,0.23137255013,1],"ix":4},"o":{"a":0,"k":100,"ix":5},"r":1,"bm":0,"nm":"Fill 1","mn":"ADBE Vector Graphic - Fill","hd":false},{"ty":"tr","p":{"a":0,"k":[0,0],"ix":2},"a":{"a":0,"k":[0,0],"ix":1},"s":{"a":0,"k":[303.05,303.05],"ix":3},"r":{"a":0,"k":0,"ix":6},"o":{"a":0,"k":100,"ix":7},"sk":{"a":0,"k":0,"ix":4},"sa":{"a":0,"k":0,"ix":5},"nm":"Transform"}],"nm":"combined shape","np":4,"cix":2,"bm":0,"ix":1,"mn":"ADBE Vector Group","hd":false}],"ip":0,"op":600,"st":0,"bm":0}]},{"id":"comp_2","layers":[{"ddd":0,"ind":1,"ty":4,"nm":"Green","sr":1,"ks":{"o":{"a":0,"k":100,"ix":11},"r":{"a":0,"k":0,"ix":10},"p":{"a":0,"k":[20.384,20.284,0],"ix":2},"a":{"a":0,"k":[84.25,-24.75,0],"ix":1},"s":{"a":0,"k":[87.56,87.56,100],"ix":6}},"ao":0,"shapes":[{"ty":"gr","it":[{"d":1,"ty":"el","s":{"a":0,"k":[25.18,25.18],"ix":2},"p":{"a":0,"k":[0,0],"ix":3},"nm":"Ellipse Path 1","mn":"ADBE Vector Shape - Ellipse","hd":false},{"ty":"fl","c":{"a":0,"k":[0.011764706817,0.674509803922,0.054901964524,1],"ix":4},"o":{"a":0,"k":100,"ix":5},"r":1,"bm":0,"nm":"Fill 1","mn":"ADBE Vector Graphic - Fill","hd":false},{"ty":"tr","p":{"a":0,"k":[83.766,-25.108],"ix":2},"a":{"a":0,"k":[0,0],"ix":1},"s":{"a":0,"k":[75.676,75.676],"ix":3},"r":{"a":0,"k":0,"ix":6},"o":{"a":0,"k":100,"ix":7},"sk":{"a":0,"k":0,"ix":4},"sa":{"a":0,"k":0,"ix":5},"nm":"Transform"}],"nm":"Ellipse 1","np":3,"cix":2,"bm":0,"ix":1,"mn":"ADBE Vector Group","hd":false}],"ip":0,"op":600,"st":0,"bm":0},{"ddd":0,"ind":2,"ty":4,"nm":"White","sr":1,"ks":{"o":{"a":0,"k":80,"ix":11},"r":{"a":0,"k":0,"ix":10},"p":{"a":0,"k":[20.181,20.386,0],"ix":2},"a":{"a":0,"k":[83.875,-24.875,0],"ix":1},"s":{"a":0,"k":[165.594,165.594,100],"ix":6}},"ao":0,"shapes":[{"ty":"gr","it":[{"d":1,"ty":"el","s":{"a":0,"k":[25.18,25.18],"ix":2},"p":{"a":0,"k":[0,0],"ix":3},"nm":"Ellipse Path 1","mn":"ADBE Vector Shape - Ellipse","hd":false},{"ty":"fl","c":{"a":0,"k":[1,1,1,1],"ix":4},"o":{"a":0,"k":100,"ix":5},"r":1,"bm":0,"nm":"Fill 1","mn":"ADBE Vector Graphic - Fill","hd":false},{"ty":"tr","p":{"a":0,"k":[83.766,-25.108],"ix":2},"a":{"a":0,"k":[0,0],"ix":1},"s":{"a":0,"k":[75.676,75.676],"ix":3},"r":{"a":0,"k":0,"ix":6},"o":{"a":0,"k":100,"ix":7},"sk":{"a":0,"k":0,"ix":4},"sa":{"a":0,"k":0,"ix":5},"nm":"Transform"}],"nm":"Ellipse 1","np":3,"cix":2,"bm":0,"ix":1,"mn":"ADBE Vector Group","hd":false}],"ip":0,"op":600,"st":0,"bm":0},{"ddd":0,"ind":3,"ty":4,"nm":"White 2","sr":1,"ks":{"o":{"a":0,"k":100,"ix":11},"r":{"a":0,"k":0,"ix":10},"p":{"a":0,"k":[20.181,20.386,0],"ix":2},"a":{"a":0,"k":[83.875,-24.875,0],"ix":1},"s":{"a":0,"k":[165.594,165.594,100],"ix":6}},"ao":0,"shapes":[{"ty":"gr","it":[{"d":1,"ty":"el","s":{"a":0,"k":[25.18,25.18],"ix":2},"p":{"a":0,"k":[0,0],"ix":3},"nm":"Ellipse Path 1","mn":"ADBE Vector Shape - Ellipse","hd":false},{"ty":"st","c":{"a":0,"k":[1,1,1,1],"ix":3},"o":{"a":0,"k":100,"ix":4},"w":{"a":0,"k":2,"ix":5},"lc":1,"lj":1,"ml":4,"bm":0,"nm":"Stroke 1","mn":"ADBE Vector Graphic - Stroke","hd":false},{"ty":"tr","p":{"a":0,"k":[83.766,-25.108],"ix":2},"a":{"a":0,"k":[0,0],"ix":1},"s":{"a":0,"k":[75.676,75.676],"ix":3},"r":{"a":0,"k":0,"ix":6},"o":{"a":0,"k":100,"ix":7},"sk":{"a":0,"k":0,"ix":4},"sa":{"a":0,"k":0,"ix":5},"nm":"Transform"}],"nm":"Ellipse 1","np":3,"cix":2,"bm":0,"ix":1,"mn":"ADBE Vector Group","hd":false}],"ip":0,"op":600,"st":0,"bm":0}]},{"id":"comp_3","layers":[{"ddd":0,"ind":1,"ty":4,"nm":"Line 47","sr":1,"ks":{"o":{"a":0,"k":100,"ix":11},"r":{"a":0,"k":0,"ix":10},"p":{"a":0,"k":[746.967,199.186,0],"ix":2},"a":{"a":0,"k":[0,0,0],"ix":1},"s":{"a":0,"k":[100,100,100],"ix":6}},"ao":0,"shapes":[{"ty":"gr","it":[{"ind":0,"ty":"sh","ix":1,"ks":{"a":0,"k":{"i":[[0,0],[0,0]],"o":[[0,0],[0,0]],"v":[[122,0],[-122,0]],"c":false},"ix":2},"nm":"Path 1","mn":"ADBE Vector Shape - Group","hd":false},{"ty":"st","c":{"a":0,"k":[0.898039221764,0.905882358551,0.913725495338,1],"ix":3},"o":{"a":0,"k":100,"ix":4},"w":{"a":0,"k":0.773,"ix":5},"lc":1,"lj":1,"ml":4,"bm":0,"nm":"Stroke 1","mn":"ADBE Vector Graphic - Stroke","hd":false},{"ty":"tr","p":{"a":0,"k":[0,0],"ix":2},"a":{"a":0,"k":[0,0],"ix":1},"s":{"a":0,"k":[294.137,294.137],"ix":3},"r":{"a":0,"k":0,"ix":6},"o":{"a":0,"k":100,"ix":7},"sk":{"a":0,"k":0,"ix":4},"sa":{"a":0,"k":0,"ix":5},"nm":"Transform"}],"nm":"Line 47","np":2,"cix":2,"bm":0,"ix":1,"mn":"ADBE Vector Group","hd":false}],"ip":0,"op":600,"st":0,"bm":0},{"ddd":0,"ind":2,"ty":4,"nm":"Line 46","sr":1,"ks":{"o":{"a":0,"k":100,"ix":11},"r":{"a":0,"k":0,"ix":10},"p":{"a":0,"k":[746.967,344.606,0],"ix":2},"a":{"a":0,"k":[0,0,0],"ix":1},"s":{"a":0,"k":[100,100,100],"ix":6}},"ao":0,"shapes":[{"ty":"gr","it":[{"ind":0,"ty":"sh","ix":1,"ks":{"a":0,"k":{"i":[[0,0],[0,0]],"o":[[0,0],[0,0]],"v":[[122,0],[-122,0]],"c":false},"ix":2},"nm":"Path 1","mn":"ADBE Vector Shape - Group","hd":false},{"ty":"st","c":{"a":0,"k":[0.898039221764,0.905882358551,0.913725495338,1],"ix":3},"o":{"a":0,"k":100,"ix":4},"w":{"a":0,"k":0.773,"ix":5},"lc":1,"lj":1,"ml":4,"bm":0,"nm":"Stroke 1","mn":"ADBE Vector Graphic - Stroke","hd":false},{"ty":"tr","p":{"a":0,"k":[0,0],"ix":2},"a":{"a":0,"k":[0,0],"ix":1},"s":{"a":0,"k":[294.137,294.137],"ix":3},"r":{"a":0,"k":0,"ix":6},"o":{"a":0,"k":100,"ix":7},"sk":{"a":0,"k":0,"ix":4},"sa":{"a":0,"k":0,"ix":5},"nm":"Transform"}],"nm":"Line 46","np":2,"cix":2,"bm":0,"ix":1,"mn":"ADBE Vector Group","hd":false}],"ip":0,"op":600,"st":0,"bm":0},{"ddd":0,"ind":3,"ty":4,"nm":"Line 45","sr":1,"ks":{"o":{"a":0,"k":100,"ix":11},"r":{"a":0,"k":0,"ix":10},"p":{"a":0,"k":[746.967,490.026,0],"ix":2},"a":{"a":0,"k":[0,0,0],"ix":1},"s":{"a":0,"k":[100,100,100],"ix":6}},"ao":0,"shapes":[{"ty":"gr","it":[{"ind":0,"ty":"sh","ix":1,"ks":{"a":0,"k":{"i":[[0,0],[0,0]],"o":[[0,0],[0,0]],"v":[[122,0],[-122,0]],"c":false},"ix":2},"nm":"Path 1","mn":"ADBE Vector Shape - Group","hd":false},{"ty":"st","c":{"a":0,"k":[0.898039221764,0.905882358551,0.913725495338,1],"ix":3},"o":{"a":0,"k":100,"ix":4},"w":{"a":0,"k":1.547,"ix":5},"lc":1,"lj":1,"ml":4,"bm":0,"nm":"Stroke 1","mn":"ADBE Vector Graphic - Stroke","hd":false},{"ty":"tr","p":{"a":0,"k":[0,0],"ix":2},"a":{"a":0,"k":[0,0],"ix":1},"s":{"a":0,"k":[294.137,294.137],"ix":3},"r":{"a":0,"k":0,"ix":6},"o":{"a":0,"k":100,"ix":7},"sk":{"a":0,"k":0,"ix":4},"sa":{"a":0,"k":0,"ix":5},"nm":"Transform"}],"nm":"Line 45","np":2,"cix":2,"bm":0,"ix":1,"mn":"ADBE Vector Group","hd":false}],"ip":0,"op":600,"st":0,"bm":0},{"ddd":0,"ind":4,"ty":4,"nm":"Vector","sr":1,"ks":{"o":{"a":0,"k":100,"ix":11},"r":{"a":0,"k":0,"ix":10},"p":{"a":0,"k":[747.497,528.073,0],"ix":2},"a":{"a":0,"k":[2,220.261,0],"ix":1},"s":{"a":0,"k":[100,109.888,100],"ix":6}},"ao":0,"shapes":[{"ty":"gr","it":[{"ind":0,"ty":"sh","ix":1,"ks":{"a":0,"k":{"i":[[50.66,0],[0,0],[0,-5.097],[0,0],[-4.785,0],[0,0],[0,0],[0,5.097],[0,0],[4.785,0]],"o":[[-59.103,0],[-4.785,0],[0,0],[0,5.097],[0,0],[0,0],[4.785,0],[0,0],[0,-5.097],[0,0]],"v":[[2.345,-75.5],[-127.775,-69.904],[-136.5,-60.61],[-136.5,66.206],[-127.775,75.5],[2.158,75.5],[127.775,75.5],[136.5,66.206],[136.5,-60.61],[127.775,-69.904]],"c":true},"ix":2},"nm":"Path 1","mn":"ADBE Vector Shape - Group","hd":false},{"ty":"fl","c":{"a":0,"k":[1,1,1,1],"ix":4},"o":{"a":0,"k":100,"ix":5},"r":1,"bm":0,"nm":"Fill 1","mn":"ADBE Vector Graphic - Fill","hd":false},{"ty":"tr","p":{"a":0,"k":[0,0],"ix":2},"a":{"a":0,"k":[0,0],"ix":1},"s":{"a":0,"k":[294.137,294.137],"ix":3},"r":{"a":0,"k":0,"ix":6},"o":{"a":0,"k":100,"ix":7},"sk":{"a":0,"k":0,"ix":4},"sa":{"a":0,"k":0,"ix":5},"nm":"Transform"}],"nm":"Vector","np":2,"cix":2,"bm":0,"ix":1,"mn":"ADBE Vector Group","hd":false}],"ip":0,"op":600,"st":0,"bm":0}]}],"fonts":{"list":[{"fName":"NunitoSans-ExtraBold","fFamily":"Nunito Sans","fStyle":"ExtraBold","ascent":70.4986572265625},{"fName":"Helvetica","fFamily":"Helvetica","fStyle":"Regular","ascent":71.8994140625}]},"layers":[{"ddd":0,"ind":1,"ty":4,"nm":"Plants","sr":1,"ks":{"o":{"a":0,"k":100,"ix":11},"r":{"a":0,"k":17.994,"ix":10},"p":{"a":0,"k":[1131.538,505.645,0],"ix":2},"a":{"a":0,"k":[0,0,0],"ix":1},"s":{"a":0,"k":[100,100,100],"ix":6}},"ao":0,"shapes":[{"ty":"gr","it":[{"ind":0,"ty":"sh","ix":1,"ks":{"a":0,"k":{"i":[[-1.4,-3.8],[12.2,-4.5],[-3.4,0],[-3.4,1.8],[-5.3,-3.7],[-2.3,-8.9],[-1.7,-14.4]],"o":[[1.4,3.8],[-24.3,9],[-2,-0.9],[-3.7,-5.3],[-0.9,-6.9],[0,0],[-0.1,-2]],"v":[[18.987,-0.982],[0.587,9.518],[-16.713,8.018],[-16.913,2.018],[-8.613,-6.282],[1.487,-7.882],[12.287,-1.882]],"c":true},"ix":2},"nm":"Path 1","mn":"ADBE Vector Shape - Group","hd":false},{"ty":"fl","c":{"a":0,"k":[0.537254929543,0.729411780834,0.337254911661,1],"ix":4},"o":{"a":0,"k":100,"ix":5},"r":1,"bm":0,"nm":"Fill 1","mn":"ADBE Vector Graphic - Fill","hd":false},{"ty":"tr","p":{"a":0,"k":[0,0],"ix":2},"a":{"a":0,"k":[0,0],"ix":1},"s":{"a":0,"k":[300,300],"ix":3},"r":{"a":0,"k":0,"ix":6},"o":{"a":0,"k":100,"ix":7},"sk":{"a":0,"k":0,"ix":4},"sa":{"a":0,"k":0,"ix":5},"nm":"Transform"}],"nm":"Vector","np":2,"cix":2,"bm":0,"ix":1,"mn":"ADBE Vector Group","hd":false}],"ip":0,"op":600,"st":0,"bm":0},{"ddd":0,"ind":2,"ty":5,"nm":"Performa Iklan","sr":1,"ks":{"o":{"a":0,"k":80,"ix":11},"r":{"a":0,"k":0,"ix":10},"p":{"a":0,"k":[647,130.693,0],"ix":2},"a":{"a":0,"k":[0,0,0],"ix":1},"s":{"a":0,"k":[255.671,255.671,100],"ix":6}},"ao":0,"t":{"d":{"k":[{"s":{"s":14,"f":"NunitoSans-ExtraBold","t":"Performa Iklan","j":0,"tr":0,"lh":16.8,"ls":0,"fc":[0.192,0.208,0.231]},"t":0}]},"p":{},"m":{"g":1,"a":{"a":0,"k":[0,0],"ix":2}},"a":[]},"ip":0,"op":600,"st":0,"bm":0},{"ddd":0,"ind":3,"ty":4,"nm":"Shape Layer 1","sr":1,"ks":{"o":{"a":0,"k":100,"ix":11},"r":{"a":0,"k":0,"ix":10},"p":{"a":0,"k":[750,301,0],"ix":2},"a":{"a":0,"k":[0,0,0],"ix":1},"s":{"a":0,"k":[100,100,100],"ix":6}},"ao":0,"shapes":[],"ip":0,"op":600,"st":0,"bm":0},{"ddd":0,"ind":4,"ty":0,"nm":"Slider","refId":"comp_0","sr":1,"ks":{"o":{"a":0,"k":100,"ix":11},"r":{"a":0,"k":0,"ix":10},"p":{"a":0,"k":[390,314.75,0],"ix":2},"a":{"a":0,"k":[750,301,0],"ix":1},"s":{"a":0,"k":[95.6,95.6,100],"ix":6}},"ao":0,"hasMask":true,"masksProperties":[{"inv":false,"mode":"a","pt":{"a":0,"k":{"i":[[0,0],[0,0],[0,0],[0,0]],"o":[[0,0],[0,0],[0,0],[0,0]],"v":[[746.865,0],[746.865,487.455],[1501.049,486.409],[1501.049,8.368]],"c":true},"ix":1},"o":{"a":0,"k":100,"ix":3},"x":{"a":0,"k":0,"ix":4},"nm":"Mask 1"}],"w":1500,"h":602,"ip":0,"op":600,"st":0,"bm":0},{"ddd":0,"ind":5,"ty":4,"nm":"Shape Layer 2","parent":2,"sr":1,"ks":{"o":{"a":0,"k":100,"ix":11},"r":{"a":0,"k":0,"ix":10},"p":{"a":0,"k":[57.887,-83.07,0],"ix":2},"a":{"a":0,"k":[0,0,0],"ix":1},"s":{"a":0,"k":[39.113,39.113,100],"ix":6}},"ao":0,"shapes":[{"ty":"gr","it":[{"ty":"rc","d":1,"s":{"a":0,"k":[51.289,15.391],"ix":2},"p":{"a":0,"k":[0,0],"ix":3},"r":{"a":0,"k":20,"ix":4},"nm":"Rectangle Path 1","mn":"ADBE Vector Shape - Rect","hd":false},{"ty":"fl","c":{"a":0,"k":[0.011764706817,0.674509803922,0.054901964524,1],"ix":4},"o":{"a":0,"k":100,"ix":5},"r":1,"bm":0,"nm":"Fill 1","mn":"ADBE Vector Graphic - Fill","hd":false},{"ty":"tr","p":{"a":0,"k":[-178.182,201.616],"ix":2},"a":{"a":0,"k":[0,0],"ix":1},"s":{"a":0,"k":[67.714,69.018],"ix":3},"r":{"a":0,"k":0,"ix":6},"o":{"a":0,"k":100,"ix":7},"sk":{"a":0,"k":0,"ix":4},"sa":{"a":0,"k":0,"ix":5},"nm":"Transform"}],"nm":"Rectangle 1","np":3,"cix":2,"bm":0,"ix":1,"mn":"ADBE Vector Group","hd":false}],"ip":0,"op":600,"st":0,"bm":0},{"ddd":0,"ind":6,"ty":0,"nm":"BG","refId":"comp_3","sr":1,"ks":{"o":{"a":0,"k":100,"ix":11},"r":{"a":0,"k":0,"ix":10},"p":{"a":0,"k":[750,301,0],"ix":2},"a":{"a":0,"k":[750,301,0],"ix":1},"s":{"a":0,"k":[100,100,100],"ix":6}},"ao":0,"w":1500,"h":602,"ip":0,"op":600,"st":0,"bm":0},{"ddd":0,"ind":7,"ty":4,"nm":"Shadow 1","sr":1,"ks":{"o":{"a":0,"k":100,"ix":11},"r":{"a":0,"k":0,"ix":10},"p":{"a":0,"k":[747.001,529.999,0],"ix":2},"a":{"a":0,"k":[0,0,0],"ix":1},"s":{"a":0,"k":[100,100,100],"ix":6}},"ao":0,"shapes":[{"ty":"gr","it":[{"ind":0,"ty":"sh","ix":1,"ks":{"a":0,"k":{"i":[[0,-4.639],[82.07,0],[0,4.639],[-82.07,0]],"o":[[0,4.639],[-82.07,0],[0,-4.639],[82.07,0]],"v":[[148.6,0],[0,8.4],[-148.6,0],[0,-8.4]],"c":true},"ix":2},"nm":"Path 1","mn":"ADBE Vector Shape - Group","hd":false},{"ty":"fl","c":{"a":0,"k":[0.592156887054,0.737254917622,0.341176480055,1],"ix":4},"o":{"a":0,"k":100,"ix":5},"r":1,"bm":0,"nm":"Fill 1","mn":"ADBE Vector Graphic - Fill","hd":false},{"ty":"tr","p":{"a":0,"k":[0,0],"ix":2},"a":{"a":0,"k":[0,0],"ix":1},"s":{"a":0,"k":[300,300],"ix":3},"r":{"a":0,"k":0,"ix":6},"o":{"a":0,"k":100,"ix":7},"sk":{"a":0,"k":0,"ix":4},"sa":{"a":0,"k":0,"ix":5},"nm":"Transform"}],"nm":"Vector","np":2,"cix":2,"bm":0,"ix":1,"mn":"ADBE Vector Group","hd":false}],"ip":0,"op":600,"st":0,"bm":0},{"ddd":0,"ind":8,"ty":4,"nm":"Vector 3","sr":1,"ks":{"o":{"a":0,"k":100,"ix":11},"r":{"a":0,"k":0,"ix":10},"p":{"a":0,"k":[344.019,467.093,0],"ix":2},"a":{"a":0,"k":[0,0,0],"ix":1},"s":{"a":0,"k":[100,100,100],"ix":6}},"ao":0,"shapes":[{"ty":"gr","it":[{"ind":0,"ty":"sh","ix":1,"ks":{"a":0,"k":{"i":[[-0.328,0],[-4.595,-0.164],[-4.431,0.328],[-0.492,0.164],[1.149,0.821],[3.282,-0.985],[0.821,0],[1.969,-0.164],[1.313,-0.164],[2.626,-3.775],[1.149,-0.164],[0.985,-1.149],[0.821,0.164],[0.328,-1.477],[0.985,-0.492],[1.969,-0.492],[1.149,-2.79],[0,0]],"o":[[4.431,-0.328],[4.267,0.164],[0.492,0],[2.626,-1.641],[-1.313,-0.656],[1.149,-0.985],[-0.82,-0.164],[2.298,-2.462],[-1.313,0.164],[0.164,-1.149],[-0.985,0.164],[-0.328,-1.149],[-0.82,-0.164],[0,-1.313],[-0.985,0.492],[-1.969,0.492],[-1.149,2.79],[0.492,0]],"v":[[-14.313,5.637],[-0.691,5.473],[12.766,6.622],[14.407,6.458],[18.674,1.37],[11.946,3.668],[11.617,0.057],[8.335,2.191],[12.438,-6.671],[3.576,1.698],[1.935,-4.538],[-1.348,-0.107],[-2.661,-3.553],[-5.615,0.221],[-7.748,-4.21],[-10.21,1.534],[-18.744,-3.061],[-15.626,5.637]],"c":true},"ix":2},"nm":"Path 1","mn":"ADBE Vector Shape - Group","hd":false},{"ty":"fl","c":{"a":0,"k":[0.937254905701,0.674509823322,0.784313738346,1],"ix":4},"o":{"a":0,"k":100,"ix":5},"r":1,"bm":0,"nm":"Fill 1","mn":"ADBE Vector Graphic - Fill","hd":false},{"ty":"tr","p":{"a":0,"k":[0,0],"ix":2},"a":{"a":0,"k":[0,0],"ix":1},"s":{"a":0,"k":[300,300],"ix":3},"r":{"a":0,"k":0,"ix":6},"o":{"a":0,"k":100,"ix":7},"sk":{"a":0,"k":0,"ix":4},"sa":{"a":0,"k":0,"ix":5},"nm":"Transform"}],"nm":"Vector","np":2,"cix":2,"bm":0,"ix":1,"mn":"ADBE Vector Group","hd":false}],"ip":0,"op":600,"st":0,"bm":0},{"ddd":0,"ind":9,"ty":4,"nm":"Vector 2","sr":1,"ks":{"o":{"a":0,"k":100,"ix":11},"r":{"a":0,"k":0,"ix":10},"p":{"a":0,"k":[348.158,452.31,0],"ix":2},"a":{"a":0,"k":[0,0,0],"ix":1},"s":{"a":0,"k":[100,100,100],"ix":6}},"ao":0,"shapes":[{"ty":"gr","it":[{"ind":0,"ty":"sh","ix":1,"ks":{"a":0,"k":{"i":[[1.149,-3.939],[-0.821,-2.79],[5.252,-0.328],[4.267,0.164],[4.595,-0.328],[1.969,2.298],[-2.462,2.79],[-3.118,0],[-5.088,0.328],[-0.985,0],[-1.313,1.149],[-0.656,-0.164],[0.164,-0.821],[0.164,-2.133],[-1.149,-3.611]],"o":[[2.79,-2.133],[0.821,2.79],[-4.267,0.328],[-4.595,-0.164],[-3.118,0.164],[-0.656,-0.656],[2.462,-2.79],[3.118,0],[5.088,-0.328],[0.985,0],[0.492,-0.492],[0.821,0.328],[-0.164,2.133],[2.954,-5.416],[1.149,3.611]],"v":[[13.521,3.178],[25.337,-0.268],[11.223,11.384],[-2.07,10.235],[-15.692,10.399],[-21.436,7.938],[-24.718,-6.012],[-14.871,-1.089],[-8.963,-11.428],[-0.593,-2.73],[2.197,-6.833],[4.002,-7.489],[4.823,-5.191],[4.166,1.373],[21.398,-8.474]],"c":true},"ix":2},"nm":"Path 1","mn":"ADBE Vector Shape - Group","hd":false},{"ty":"fl","c":{"a":0,"k":[0.996078431606,0.803921580315,0.874509811401,1],"ix":4},"o":{"a":0,"k":100,"ix":5},"r":1,"bm":0,"nm":"Fill 1","mn":"ADBE Vector Graphic - Fill","hd":false},{"ty":"tr","p":{"a":0,"k":[0,0],"ix":2},"a":{"a":0,"k":[0,0],"ix":1},"s":{"a":0,"k":[300,300],"ix":3},"r":{"a":0,"k":0,"ix":6},"o":{"a":0,"k":100,"ix":7},"sk":{"a":0,"k":0,"ix":4},"sa":{"a":0,"k":0,"ix":5},"nm":"Transform"}],"nm":"Vector","np":2,"cix":2,"bm":0,"ix":1,"mn":"ADBE Vector Group","hd":false}],"ip":0,"op":600,"st":0,"bm":0},{"ddd":0,"ind":11,"ty":4,"nm":"Shadow 2","sr":1,"ks":{"o":{"a":0,"k":100,"ix":11},"r":{"a":0,"k":0,"ix":10},"p":{"a":0,"k":[305.7,484.002,0],"ix":2},"a":{"a":0,"k":[0,0,0],"ix":1},"s":{"a":0,"k":[100,142.535,100],"ix":6}},"ao":0,"shapes":[{"ty":"gr","it":[{"ind":0,"ty":"sh","ix":1,"ks":{"a":0,"k":{"i":[[0,-1.767],[5.468,0],[0,1.767],[-5.468,0]],"o":[[0,1.767],[-5.468,0],[0,-1.767],[5.468,0]],"v":[[9.9,0],[0,3.2],[-9.9,0],[0,-3.2]],"c":true},"ix":2},"nm":"Path 1","mn":"ADBE Vector Shape - Group","hd":false},{"ty":"fl","c":{"a":0,"k":[0.592156887054,0.737254917622,0.341176480055,1],"ix":4},"o":{"a":0,"k":100,"ix":5},"r":1,"bm":0,"nm":"Fill 1","mn":"ADBE Vector Graphic - Fill","hd":false},{"ty":"tr","p":{"a":0,"k":[21.676,-0.043],"ix":2},"a":{"a":0,"k":[0,0],"ix":1},"s":{"a":0,"k":[538.382,219.066],"ix":3},"r":{"a":0,"k":0,"ix":6},"o":{"a":0,"k":100,"ix":7},"sk":{"a":0,"k":0,"ix":4},"sa":{"a":0,"k":0,"ix":5},"nm":"Transform"}],"nm":"Vector","np":2,"cix":2,"bm":0,"ix":1,"mn":"ADBE Vector Group","hd":false}],"ip":0,"op":600,"st":0,"bm":0},{"ddd":0,"ind":12,"ty":4,"nm":"Vector","sr":1,"ks":{"o":{"a":0,"k":100,"ix":11},"r":{"a":0,"k":0,"ix":10},"p":{"a":0,"k":[751.8,482.851,0],"ix":2},"a":{"a":0,"k":[0,0,0],"ix":1},"s":{"a":0,"k":[100,100,100],"ix":6}},"ao":0,"shapes":[{"ty":"gr","it":[{"ind":0,"ty":"sh","ix":1,"ks":{"a":0,"k":{"i":[[1.1,1.4],[0.1,-0.1],[6.6,-9.7],[1.9,-2.3],[3.7,-5.3],[-0.4,-3.4],[-0.1,-0.3],[-4.5,-1.8],[-1.7,-0.5],[0,0],[-7.7,-0.9],[0,0],[-7.3,-0.4],[0,0],[-7,-0.2],[0,0],[-6.6,-0.1],[0,0],[-6.3,0],[0,0],[-5.8,0.1],[0,0],[-0.3,0],[-1.6,0],[-1.7,0],[-1.6,0],[0,0],[-0.9,0],[0,0],[-6,0.3],[0,0],[-5.8,0.7],[0,0],[-5,1.4],[0,0],[-1.1,3.3],[0,0.3],[1.1,2.4],[1.3,2],[1,1.4],[0.3,0.4]],"o":[[-4.6,-5.8],[-8.6,-9.9],[-0.1,0],[-4.6,5.6],[-4.2,6],[0,0.3],[0.8,2.5],[1.3,0.5],[0,0],[5,1.4],[0,0],[5.8,0.6],[0,0],[6,0.3],[0,0],[6,0.2],[0,0],[5.8,0.1],[0,0],[6.3,0],[0,0],[0.3,0],[1.6,-0.1],[1.8,0],[1.7,0],[0,0],[0.9,0],[0,0],[7,-0.2],[0,0],[7.3,-0.4],[0,0],[7.7,-0.9],[0,0],[7.2,-2],[0.1,-0.3],[0.2,-1.7],[-0.8,-1.7],[-0.8,-1.3],[-0.3,-0.4],[-1,-1.4]],"v":[[169,-6.05],[154.6,-23.15],[-154.8,-23.05],[-160.5,-16.55],[-173.7,0.25],[-180.3,15.05],[-180.1,15.95],[-172,22.35],[-167.5,23.85],[-166.9,24.05],[-147.8,27.45],[-147.3,27.55],[-127.6,29.15],[-127.1,29.15],[-107.7,29.95],[-107.2,29.95],[-88.3,30.35],[-87.9,30.35],[-69.7,30.45],[-69.3,30.45],[-51.1,30.35],[-50.7,30.35],[-49.7,30.35],[-45,30.25],[-39.7,30.15],[-34.7,30.05],[-34.6,30.05],[-31.9,29.95],[-31.4,29.95],[127.1,29.15],[127.6,29.15],[147.3,27.55],[147.8,27.45],[166.9,24.05],[167.5,23.85],[180.1,15.95],[180.3,15.05],[178.8,8.85],[175.7,3.25],[173,-0.75],[172.1,-1.95]],"c":true},"ix":2},"nm":"Path 1","mn":"ADBE Vector Shape - Group","hd":false},{"ty":"fl","c":{"a":0,"k":[0.72549021244,0.878431379795,0.529411792755,1],"ix":4},"o":{"a":0,"k":100,"ix":5},"r":1,"bm":0,"nm":"Fill 1","mn":"ADBE Vector Graphic - Fill","hd":false},{"ty":"tr","p":{"a":0,"k":[0,0],"ix":2},"a":{"a":0,"k":[0,0],"ix":1},"s":{"a":0,"k":[300,300],"ix":3},"r":{"a":0,"k":0,"ix":6},"o":{"a":0,"k":100,"ix":7},"sk":{"a":0,"k":0,"ix":4},"sa":{"a":0,"k":0,"ix":5},"nm":"Transform"}],"nm":"Vector","np":2,"cix":2,"bm":0,"ix":1,"mn":"ADBE Vector Group","hd":false}],"ip":0,"op":600,"st":0,"bm":0},{"ddd":0,"ind":13,"ty":4,"nm":"Vector","sr":1,"ks":{"o":{"a":0,"k":100,"ix":11},"r":{"a":0,"k":0,"ix":10},"p":{"a":0,"k":[751.2,515.252,0],"ix":2},"a":{"a":0,"k":[0,0,0],"ix":1},"s":{"a":0,"k":[100,100,100],"ix":6}},"ao":0,"shapes":[{"ty":"gr","it":[{"ind":0,"ty":"sh","ix":1,"ks":{"a":0,"k":{"i":[[0,0],[-6.5,-6],[-3.3,-3.1],[-1.3,-1.3],[-0.1,-0.2],[0,0],[8.2,-3.1],[35.3,0],[1.3,0],[0.9,0],[0.5,0],[0.9,0],[0,0],[1.9,0],[0,0],[3.5,0],[2.6,0],[0,0],[5.7,0.1],[0,0],[5.9,0.2],[0,0],[5.9,0.3],[0,0],[5.8,0.7],[4.8,1.2],[0.2,0.1],[0.1,5.2],[-6.2,5.7],[-3.6,4.6]],"o":[[2.6,3.3],[4,3.7],[3,2.7],[0.5,0.5],[0,0],[-0.2,8.9],[-24.1,9.2],[-1.3,0],[-0.9,0.1],[-0.5,0],[-0.9,0],[0,0],[-1.8,0.1],[0,0],[-3.3,0.1],[-2.5,0],[0,0],[-6.2,0],[0,0],[-6.6,-0.1],[0,0],[-6.9,-0.2],[0,0],[-7.3,-0.4],[-7.2,-0.9],[-0.2,0],[-14.2,-4.5],[0.6,-1],[8.4,-7.7],[0,0]],"v":[[146,-28.85],[161.4,-13.45],[172.8,-3.05],[179.5,3.25],[180.4,4.25],[180.4,4.35],[164.3,20.75],[-35.1,28.55],[-39.1,28.65],[-41.8,28.75],[-43.2,28.75],[-45.9,28.75],[-46,28.75],[-51.6,28.85],[-51.7,28.85],[-61.9,28.95],[-69.6,28.95],[-69.8,28.95],[-87.8,28.85],[-87.9,28.85],[-106.6,28.45],[-106.7,28.45],[-125.9,27.65],[-126,27.65],[-145.6,26.05],[-163.6,22.95],[-164.3,22.75],[-180.4,4.25],[-168.5,-7.05],[-146,-28.95]],"c":false},"ix":2},"nm":"Path 1","mn":"ADBE Vector Shape - Group","hd":false},{"ty":"fl","c":{"a":0,"k":[0.960784316063,0.564705908298,0.474509805441,1],"ix":4},"o":{"a":0,"k":100,"ix":5},"r":1,"bm":0,"nm":"Fill 1","mn":"ADBE Vector Graphic - Fill","hd":false},{"ty":"tr","p":{"a":0,"k":[0,0],"ix":2},"a":{"a":0,"k":[0,0],"ix":1},"s":{"a":0,"k":[300,300],"ix":3},"r":{"a":0,"k":0,"ix":6},"o":{"a":0,"k":100,"ix":7},"sk":{"a":0,"k":0,"ix":4},"sa":{"a":0,"k":0,"ix":5},"nm":"Transform"}],"nm":"Vector","np":2,"cix":2,"bm":0,"ix":1,"mn":"ADBE Vector Group","hd":false}],"ip":0,"op":600,"st":0,"bm":0},{"ddd":0,"ind":14,"ty":4,"nm":"Vector","sr":1,"ks":{"o":{"a":0,"k":100,"ix":11},"r":{"a":0,"k":0,"ix":10},"p":{"a":0,"k":[122.739,319.242,0],"ix":2},"a":{"a":0,"k":[0,0,0],"ix":1},"s":{"a":0,"k":[100,100,100],"ix":6}},"ao":0,"shapes":[{"ty":"gr","it":[{"ind":0,"ty":"sh","ix":1,"ks":{"a":0,"k":{"i":[[-7.1,1.2],[2.5,3.3],[3,0],[0,0],[2.3,0.1],[0.8,-0.3],[3.6,0.2],[2.2,-2.8],[0.8,0],[0.7,-2.3],[-2.1,-2.1]],"o":[[14.7,-2.1],[-2.4,-3.4],[0,0],[-0.6,-2],[-0.9,-0.1],[-1.8,-3.1],[-3.6,-0.3],[-0.7,-0.3],[-2.5,-0.2],[-2.7,0.1],[4.4,3.8]],"v":[[5.12,6.403],[24.42,4.803],[13.32,1.303],[13.22,1.303],[8.52,-2.397],[6.02,-1.997],[-2.48,-7.497],[-11.58,-3.297],[-13.78,-3.897],[-19.18,-0.197],[-24.38,4.903]],"c":true},"ix":2},"nm":"Path 1","mn":"ADBE Vector Shape - Group","hd":false},{"ty":"fl","c":{"a":0,"k":[1,1,1,1],"ix":4},"o":{"a":0,"k":100,"ix":5},"r":1,"bm":0,"nm":"Fill 1","mn":"ADBE Vector Graphic - Fill","hd":false},{"ty":"tr","p":{"a":0,"k":[0,0],"ix":2},"a":{"a":0,"k":[0,0],"ix":1},"s":{"a":0,"k":[300,300],"ix":3},"r":{"a":0,"k":0,"ix":6},"o":{"a":0,"k":100,"ix":7},"sk":{"a":0,"k":0,"ix":4},"sa":{"a":0,"k":0,"ix":5},"nm":"Transform"}],"nm":"Vector","np":2,"cix":2,"bm":0,"ix":1,"mn":"ADBE Vector Group","hd":false}],"ip":0,"op":600,"st":0,"bm":0},{"ddd":0,"ind":15,"ty":4,"nm":"Vector","sr":1,"ks":{"o":{"a":0,"k":100,"ix":11},"r":{"a":0,"k":0,"ix":10},"p":{"a":0,"k":[194.57,254.659,0],"ix":2},"a":{"a":0,"k":[0,0,0],"ix":1},"s":{"a":0,"k":[100,100,100],"ix":6}},"ao":0,"shapes":[{"ty":"gr","it":[{"ind":0,"ty":"sh","ix":1,"ks":{"a":0,"k":{"i":[[7.4,1.3],[-2.6,3.5],[-3.1,0.2],[0,0],[-2.3,0.1],[-0.8,-0.3],[-3.8,0.2],[-2.3,-2.9],[-0.8,0.1],[-0.8,-2.4],[2.2,-2.2]],"o":[[-15.2,-2.1],[2.6,-3.5],[0,0],[0.7,-2.2],[0.9,-0.1],[1.9,-3.2],[3.7,-0.2],[0.6,-0.3],[2.5,-0.1],[2.8,0.1],[-4.5,3.9]],"v":[[-5.324,6.73],[-25.324,5.13],[-13.724,1.33],[-13.624,1.33],[-8.724,-2.57],[-6.224,-2.17],[2.676,-7.87],[12.076,-3.47],[14.276,-4.07],[19.876,-0.17],[25.276,5.13]],"c":true},"ix":2},"nm":"Path 1","mn":"ADBE Vector Shape - Group","hd":false},{"ty":"fl","c":{"a":0,"k":[1,1,1,1],"ix":4},"o":{"a":0,"k":100,"ix":5},"r":1,"bm":0,"nm":"Fill 1","mn":"ADBE Vector Graphic - Fill","hd":false},{"ty":"tr","p":{"a":0,"k":[0,0],"ix":2},"a":{"a":0,"k":[0,0],"ix":1},"s":{"a":0,"k":[300,300],"ix":3},"r":{"a":0,"k":0,"ix":6},"o":{"a":0,"k":100,"ix":7},"sk":{"a":0,"k":0,"ix":4},"sa":{"a":0,"k":0,"ix":5},"nm":"Transform"}],"nm":"Vector","np":2,"cix":2,"bm":0,"ix":1,"mn":"ADBE Vector Group","hd":false}],"ip":0,"op":600,"st":0,"bm":0},{"ddd":0,"ind":16,"ty":4,"nm":"Vector","sr":1,"ks":{"o":{"a":0,"k":100,"ix":11},"r":{"a":0,"k":0,"ix":10},"p":{"a":0,"k":[1243.28,306.609,0],"ix":2},"a":{"a":0,"k":[0,0,0],"ix":1},"s":{"a":0,"k":[-100,100,100],"ix":6}},"ao":0,"shapes":[{"ty":"gr","it":[{"ind":0,"ty":"sh","ix":1,"ks":{"a":0,"k":{"i":[[0,0],[-0.2,-0.2],[0.6,-0.8],[0,0],[-0.1,-0.1],[0,0],[0.2,-0.2],[0.7,0.6],[0,0],[0.1,-0.1],[0,0],[0.2,0.1],[0.1,0.1],[-0.6,0.7],[0,0],[0.1,0.1],[0,0],[-0.2,0.2],[-0.6,-0.3],[-0.1,-0.1],[0,0],[-0.1,0.1]],"o":[[0.8,-0.5],[0.2,0.2],[0,0],[-0.1,0.1],[0,0],[0.5,0.7],[-0.2,0.2],[0,0],[-0.1,-0.1],[0,0],[-0.6,0.4],[-0.1,-0.1],[-0.2,-0.2],[0,0],[0.1,-0.1],[0,0],[-0.5,-0.7],[0.2,-0.2],[0.1,0],[0,0],[0.1,0.1],[0,0]],"v":[[0.827,-1.951],[2.227,-1.851],[2.027,-0.351],[1.727,0.049],[1.727,0.449],[1.927,0.649],[1.927,2.049],[0.527,1.949],[0.127,1.649],[-0.273,1.649],[-0.673,1.949],[-1.873,2.149],[-2.173,1.949],[-2.073,0.549],[-1.573,0.149],[-1.573,-0.251],[-1.773,-0.651],[-1.773,-2.051],[-0.673,-2.151],[-0.373,-1.951],[0.027,-1.651],[0.427,-1.651]],"c":true},"ix":2},"nm":"Path 1","mn":"ADBE Vector Shape - Group","hd":false},{"ty":"fl","c":{"a":0,"k":[1,1,1,1],"ix":4},"o":{"a":0,"k":100,"ix":5},"r":1,"bm":0,"nm":"Fill 1","mn":"ADBE Vector Graphic - Fill","hd":false},{"ty":"tr","p":{"a":0,"k":[0,0],"ix":2},"a":{"a":0,"k":[0,0],"ix":1},"s":{"a":0,"k":[300,300],"ix":3},"r":{"a":0,"k":0,"ix":6},"o":{"a":0,"k":100,"ix":7},"sk":{"a":0,"k":0,"ix":4},"sa":{"a":0,"k":0,"ix":5},"nm":"Transform"}],"nm":"Vector","np":2,"cix":2,"bm":0,"ix":1,"mn":"ADBE Vector Group","hd":false}],"ip":0,"op":600,"st":0,"bm":0},{"ddd":0,"ind":17,"ty":4,"nm":"Vector","sr":1,"ks":{"o":{"a":0,"k":100,"ix":11},"r":{"a":0,"k":0,"ix":10},"p":{"a":0,"k":[1324.545,278.847,0],"ix":2},"a":{"a":0,"k":[0,0,0],"ix":1},"s":{"a":0,"k":[-100,100,100],"ix":6}},"ao":0,"shapes":[{"ty":"gr","it":[{"ind":0,"ty":"sh","ix":1,"ks":{"a":0,"k":{"i":[[0,0],[0.1,-0.4],[1.3,0.3],[0,0],[0.1,-0.2],[0,0],[0.4,0.1],[-0.2,1.2],[0,0],[0.2,0.1],[0,0],[0,0.4],[0,0.1],[-1.2,-0.2],[0,0],[-0.1,0.2],[0,0],[-0.4,-0.1],[0,-0.8],[0,-0.2],[0,0],[-0.2,-0.1]],"o":[[1.2,0.6],[-0.1,0.4],[0,0],[-0.2,0],[0,0],[-0.6,1.1],[-0.4,-0.1],[0,0],[0,-0.2],[0,0],[-0.8,-0.4],[0,-0.1],[0.1,-0.4],[0,0],[0.2,0],[0,0],[0.6,-1.1],[0.3,0.1],[0,0.2],[0,0],[0,0.2],[0,0]],"v":[[2.761,-0.45],[3.661,1.25],[1.861,1.95],[1.261,1.85],[0.761,2.15],[0.461,2.75],[-1.239,3.65],[-2.039,1.95],[-1.839,1.25],[-2.139,0.75],[-2.739,0.45],[-3.739,-0.75],[-3.639,-1.15],[-1.939,-1.95],[-1.339,-1.85],[-0.839,-2.15],[-0.539,-2.75],[1.161,-3.65],[1.961,-2.35],[1.961,-1.85],[1.861,-1.25],[2.161,-0.75]],"c":true},"ix":2},"nm":"Path 1","mn":"ADBE Vector Shape - Group","hd":false},{"ty":"fl","c":{"a":0,"k":[1,1,1,1],"ix":4},"o":{"a":0,"k":100,"ix":5},"r":1,"bm":0,"nm":"Fill 1","mn":"ADBE Vector Graphic - Fill","hd":false},{"ty":"tr","p":{"a":0,"k":[0,0],"ix":2},"a":{"a":0,"k":[0,0],"ix":1},"s":{"a":0,"k":[300,300],"ix":3},"r":{"a":0,"k":0,"ix":6},"o":{"a":0,"k":100,"ix":7},"sk":{"a":0,"k":0,"ix":4},"sa":{"a":0,"k":0,"ix":5},"nm":"Transform"}],"nm":"Vector","np":2,"cix":2,"bm":0,"ix":1,"mn":"ADBE Vector Group","hd":false}],"ip":0,"op":600,"st":0,"bm":0},{"ddd":0,"ind":18,"ty":4,"nm":"Vector","sr":1,"ks":{"o":{"a":0,"k":100,"ix":11},"r":{"a":0,"k":0,"ix":10},"p":{"a":0,"k":[1283.924,220.8,0],"ix":2},"a":{"a":0,"k":[0,0,0],"ix":1},"s":{"a":0,"k":[-100,100,100],"ix":6}},"ao":0,"shapes":[{"ty":"gr","it":[{"ind":0,"ty":"sh","ix":1,"ks":{"a":0,"k":{"i":[[0,0],[-0.2,-0.7],[1.9,-0.9],[0,0],[0,-0.4],[0,0],[0.7,-0.2],[0.9,2],[0,0],[0.4,0],[0,0],[0.4,0.5],[0.1,0.2],[-1.9,1],[0,0],[0,0.4],[0,0],[-0.7,0.2],[-0.9,-1.2],[-0.1,-0.3],[0,0],[-0.4,0]],"o":[[2.2,-0.2],[0.1,0.7],[0,0],[-0.3,0.2],[0,0],[0.3,2.2],[-0.7,0.2],[0,0],[-0.2,-0.3],[0,0],[-1.5,0.2],[-0.2,-0.2],[-0.2,-0.7],[0,0],[0.3,-0.2],[0,0],[-0.3,-2.2],[0.6,-0.2],[0.1,0.2],[0,0],[0.2,0.3],[0,0]],"v":[[3.621,-3.401],[6.521,-1.801],[4.821,0.999],[3.821,1.499],[3.321,2.399],[3.421,3.499],[1.921,6.499],[-0.979,4.799],[-1.479,3.799],[-2.379,3.299],[-3.479,3.399],[-6.079,2.599],[-6.479,1.899],[-4.779,-1.001],[-3.779,-1.501],[-3.279,-2.401],[-3.379,-3.501],[-1.879,-6.501],[0.621,-5.501],[1.021,-4.801],[1.521,-3.801],[2.421,-3.301]],"c":true},"ix":2},"nm":"Path 1","mn":"ADBE Vector Shape - Group","hd":false},{"ty":"fl","c":{"a":0,"k":[1,1,1,1],"ix":4},"o":{"a":0,"k":100,"ix":5},"r":1,"bm":0,"nm":"Fill 1","mn":"ADBE Vector Graphic - Fill","hd":false},{"ty":"tr","p":{"a":0,"k":[0,0],"ix":2},"a":{"a":0,"k":[0,0],"ix":1},"s":{"a":0,"k":[300,300],"ix":3},"r":{"a":0,"k":0,"ix":6},"o":{"a":0,"k":100,"ix":7},"sk":{"a":0,"k":0,"ix":4},"sa":{"a":0,"k":0,"ix":5},"nm":"Transform"}],"nm":"Vector","np":2,"cix":2,"bm":0,"ix":1,"mn":"ADBE Vector Group","hd":false}],"ip":0,"op":600,"st":0,"bm":0},{"ddd":0,"ind":19,"ty":4,"nm":"Vector","sr":1,"ks":{"o":{"a":0,"k":100,"ix":11},"r":{"a":0,"k":0,"ix":10},"p":{"a":0,"k":[750,277.5,0],"ix":2},"a":{"a":0,"k":[0,0,0],"ix":1},"s":{"a":0,"k":[100,100,100],"ix":6}},"ao":0,"shapes":[{"ty":"gr","it":[{"ind":0,"ty":"sh","ix":1,"ks":{"a":0,"k":{"i":[[0,0],[0,-3.626],[0,0],[-118.5,0],[0,0],[0,0],[4.4,0]],"o":[[-4.4,0],[0,0],[0,0],[139,0],[0,0],[0,-3.626],[0,0]],"v":[[-242,-92.5],[-250,-85.907],[-250,75.5],[-2,92.5],[250,69.5],[250,-85.907],[242,-92.5]],"c":true},"ix":2},"nm":"Path 1","mn":"ADBE Vector Shape - Group","hd":false},{"ty":"fl","c":{"a":0,"k":[0.847058832645,0.956862747669,0.952941179276,1],"ix":4},"o":{"a":0,"k":100,"ix":5},"r":1,"bm":0,"nm":"Fill 1","mn":"ADBE Vector Graphic - Fill","hd":false},{"ty":"tr","p":{"a":0,"k":[0,0],"ix":2},"a":{"a":0,"k":[0,0],"ix":1},"s":{"a":0,"k":[300,300],"ix":3},"r":{"a":0,"k":0,"ix":6},"o":{"a":0,"k":100,"ix":7},"sk":{"a":0,"k":0,"ix":4},"sa":{"a":0,"k":0,"ix":5},"nm":"Transform"}],"nm":"Vector","np":2,"cix":2,"bm":0,"ix":1,"mn":"ADBE Vector Group","hd":false}],"ip":0,"op":600,"st":0,"bm":0},{"ddd":0,"ind":20,"ty":1,"nm":"White Solid 1","sr":1,"ks":{"o":{"a":0,"k":100,"ix":11},"r":{"a":0,"k":0,"ix":10},"p":{"a":0,"k":[750,301,0],"ix":2},"a":{"a":0,"k":[750,301,0],"ix":1},"s":{"a":0,"k":[100,100,100],"ix":6}},"ao":0,"sw":1500,"sh":602,"sc":"#ffffff","ip":0,"op":600,"st":0,"bm":0}],"markers":[],"chars":[{"ch":"R","size":10.2291402816772,"style":"ExtraBold","w":70.1,"data":{"shapes":[{"ty":"gr","it":[{"ind":0,"ty":"sh","ix":1,"ks":{"a":0,"k":{"i":[[0,0],[3.666,0.934],[-2.967,3.6],[0,5.334],[4.233,3.634],[8.266,0],[0,0],[0,0],[0,0],[0,0],[0,0],[-1.4,-0.766],[-1,-1.733],[0,0],[0,0]],"o":[[-2.534,-4.333],[5.4,-1.133],[2.966,-3.6],[0,-6.866],[-4.234,-3.633],[0,0],[0,0],[0,0],[0,0],[0,0],[2.133,0],[1.4,0.767],[0,0],[0,0],[0,0]],"v":[[56.8,-20.9],[47.5,-28.8],[60.05,-35.9],[64.5,-49.3],[58.15,-65.05],[39.4,-70.5],[7,-70.5],[7,0],[22.4,0],[22.4,-27.4],[30.1,-27.4],[35.4,-26.25],[39,-22.5],[51.2,0],[68.2,0]],"c":true},"ix":2},"nm":"R","mn":"ADBE Vector Shape - Group","hd":false},{"ind":1,"ty":"sh","ix":2,"ks":{"a":0,"k":{"i":[[4.466,0],[0,0],[0,0],[0,0],[-2,-1.533],[0,-3.4],[2,-1.566]],"o":[[0,0],[0,0],[0,0],[4.466,0],[2,1.534],[0,3.334],[-2,1.567]],"v":[[37.1,-39.2],[22.2,-39.2],[22.2,-58.6],[37.1,-58.6],[46.8,-56.3],[49.8,-48.9],[46.8,-41.55]],"c":true},"ix":2},"nm":"R","mn":"ADBE Vector Shape - Group","hd":false}],"nm":"R","np":5,"cix":2,"bm":0,"ix":1,"mn":"ADBE Vector Group","hd":false}]},"fFamily":"Nunito Sans"},{"ch":"p","size":10.2291402816772,"style":"ExtraBold","w":61.3,"data":{"shapes":[{"ty":"gr","it":[{"ind":0,"ty":"sh","ix":1,"ks":{"a":0,"k":{"i":[[4.2,0],[2.733,-1.433],[1.466,-2.533],[0,0],[0,0],[0,0],[0,0],[0,0],[-2.7,-1.366],[-3.334,0],[-3.267,2.067],[-1.834,3.834],[0,5.067],[1.833,3.9],[3.3,2.167]],"o":[[-3.4,0],[-2.734,1.434],[0,0],[0,0],[0,0],[0,0],[0,0],[1.466,2.467],[2.7,1.366],[4.266,0],[3.266,-2.066],[1.833,-3.833],[0,-5.066],[-1.834,-3.9],[-3.3,-2.166]],"v":[[36.2,-50.3],[27,-48.15],[20.7,-42.2],[20.7,-49.1],[5.8,-49.1],[5.8,18],[20.9,18],[20.9,-7],[27.15,-1.25],[36.2,0.8],[47.5,-2.3],[55.15,-11.15],[57.9,-24.5],[55.15,-37.95],[47.45,-47.05]],"c":true},"ix":2},"nm":"p","mn":"ADBE Vector Shape - Group","hd":false},{"ind":1,"ty":"sh","ix":2,"ks":{"a":0,"k":{"i":[[3.533,0],[1.933,2.434],[0,4.467],[-1.934,2.434],[-3.534,0],[-1.934,-2.5],[0,-4.533],[1.933,-2.366]],"o":[[-3.534,0],[-1.934,-2.433],[0,-4.533],[1.933,-2.433],[3.533,0],[1.933,2.5],[0,4.467],[-1.934,2.367]],"v":[[31.8,-10.7],[23.6,-14.35],[20.7,-24.7],[23.6,-35.15],[31.8,-38.8],[40,-35.05],[42.9,-24.5],[40,-14.25]],"c":true},"ix":2},"nm":"p","mn":"ADBE Vector Shape - Group","hd":false}],"nm":"p","np":5,"cix":2,"bm":0,"ix":1,"mn":"ADBE Vector Group","hd":false}]},"fFamily":"Nunito Sans"},{"ch":"3","size":10.2291402816772,"style":"ExtraBold","w":60,"data":{"shapes":[{"ty":"gr","it":[{"ind":0,"ty":"sh","ix":1,"ks":{"a":0,"k":{"i":[[4.133,1.2],[-1.967,2.834],[0,3.8],[1.966,2.867],[3.6,1.567],[4.8,0],[4.433,-1.433],[2.8,-2.4],[0,0],[-3.2,1.167],[-2.934,0],[-1.734,-1.533],[0,-2.866],[1.966,-1.4],[4.066,0],[0,0],[0,0],[0,0],[-1.934,-1.4],[0,-3.133],[1.933,-1.5],[4.266,0],[6.4,4.534],[0,0],[-4.467,-1.4],[-4.867,0],[-4.734,3.567],[0,6.2],[2.233,2.967]],"o":[[3.466,-1.266],[1.966,-2.833],[0,-3.8],[-1.967,-2.866],[-3.6,-1.566],[-4.667,0],[-4.434,1.434],[0,0],[3,-2.2],[3.2,-1.166],[3.266,0],[1.733,1.534],[0,2.934],[-1.967,1.4],[0,0],[0,0],[0,0],[4.266,0],[1.933,1.4],[0,3.2],[-1.934,1.5],[-6.467,0],[0,0],[2.8,2.467],[4.466,1.4],[8.066,0],[4.733,-3.566],[0,-4.266],[-2.234,-2.966]],"v":[[41.7,-36.3],[49.85,-42.45],[52.8,-52.4],[49.85,-62.4],[41.5,-69.05],[28.9,-71.4],[15.25,-69.25],[4.4,-63.5],[9.3,-52.4],[18.6,-57.45],[27.8,-59.2],[35.3,-56.9],[37.9,-50.3],[34.95,-43.8],[25.9,-41.7],[17.5,-41.7],[17.5,-29.6],[27.6,-29.6],[36.9,-27.5],[39.8,-20.7],[36.9,-13.65],[27.6,-11.4],[8.3,-18.2],[3.4,-7.1],[14.3,-1.3],[28.3,0.8],[47.5,-4.55],[54.6,-19.2],[51.25,-30.05]],"c":true},"ix":2},"nm":"3","mn":"ADBE Vector Shape - Group","hd":false}],"nm":"3","np":3,"cix":2,"bm":0,"ix":1,"mn":"ADBE Vector Group","hd":false}]},"fFamily":"Nunito Sans"},{"ch":"5","size":10.2291402816772,"style":"ExtraBold","w":60,"data":{"shapes":[{"ty":"gr","it":[{"ind":0,"ty":"sh","ix":1,"ks":{"a":0,"k":{"i":[[4.333,0],[3.2,-1.8],[0,0],[0,0],[0,0],[0,0],[0,0],[0,0],[-2.3,0.867],[-2.334,0],[-2.167,-2],[0,-3.466],[2.1,-1.866],[4.066,0],[6.466,4.534],[0,0],[-4.4,-1.433],[-4.467,0],[-4.1,1.967],[-2.234,3.6],[0,4.734],[1.866,3.4],[3.4,1.9]],"o":[[-4.334,0],[0,0],[0,0],[0,0],[0,0],[0,0],[0,0],[1.866,-1.533],[2.3,-0.866],[3.733,0],[2.166,2],[0,3.667],[-2.1,1.867],[-6.4,0],[0,0],[2.733,2.4],[4.4,1.433],[5.466,0],[4.1,-1.966],[2.233,-3.6],[0,-4.466],[-1.867,-3.4],[-3.4,-1.9]],"v":[[34.3,-45.6],[23,-42.9],[23,-58.6],[53.2,-58.6],[53.2,-70.5],[7.8,-70.5],[7.8,-28.8],[16.7,-28.8],[22.95,-32.4],[29.9,-33.7],[38.75,-30.7],[42,-22.5],[38.85,-14.2],[29.6,-11.4],[10.3,-18.2],[5.4,-7.1],[16.1,-1.35],[29.4,0.8],[43.75,-2.15],[53.25,-10.5],[56.6,-23],[53.8,-34.8],[45.9,-42.75]],"c":true},"ix":2},"nm":"5","mn":"ADBE Vector Shape - Group","hd":false}],"nm":"5","np":3,"cix":2,"bm":0,"ix":1,"mn":"ADBE Vector Group","hd":false}]},"fFamily":"Nunito Sans"},{"ch":"0","size":10.2291402816772,"style":"ExtraBold","w":60,"data":{"shapes":[{"ty":"gr","it":[{"ind":0,"ty":"sh","ix":1,"ks":{"a":0,"k":{"i":[[-8.534,0],[-4.5,6.2],[0,11.734],[4.533,6.167],[8.466,0],[4.533,-6.166],[0,-11.6],[-4.5,-6.2]],"o":[[8.533,0],[4.5,-6.2],[0,-11.6],[-4.534,-6.166],[-8.467,0],[-4.534,6.167],[0,11.734],[4.5,6.2]],"v":[[30,0.9],[49.55,-8.4],[56.3,-35.3],[49.5,-61.95],[30,-71.2],[10.5,-61.95],[3.7,-35.3],[10.45,-8.4]],"c":true},"ix":2},"nm":"0","mn":"ADBE Vector Shape - Group","hd":false},{"ind":1,"ty":"sh","ix":2,"ks":{"a":0,"k":{"i":[[3.866,0],[1.766,3.867],[0,8.467],[-1.767,3.8],[-3.867,0],[-1.767,-3.8],[0,-8.4],[1.766,-3.866]],"o":[[-3.867,0],[-1.767,-3.866],[0,-8.4],[1.766,-3.8],[3.866,0],[1.766,3.8],[0,8.467],[-1.767,3.867]],"v":[[30,-11],[21.55,-16.8],[18.9,-35.3],[21.55,-53.6],[30,-59.3],[38.45,-53.6],[41.1,-35.3],[38.45,-16.8]],"c":true},"ix":2},"nm":"0","mn":"ADBE Vector Shape - Group","hd":false}],"nm":"0","np":5,"cix":2,"bm":0,"ix":1,"mn":"ADBE Vector Group","hd":false}]},"fFamily":"Nunito Sans"},{"ch":"B","size":5.82003021240234,"style":"Regular","w":66.7,"data":{"shapes":[{"ty":"gr","it":[{"ind":0,"ty":"sh","ix":1,"ks":{"a":0,"k":{"i":[[0,0],[0,0],[0,0],[-2.171,-0.911],[0,-4.688],[3.618,-1.79],[4.144,0]],"o":[[0,0],[0,0],[4.276,0],[3.848,1.628],[0,4.655],[-2.303,1.14],[0,0]],"v":[[16.895,-41.406],[16.895,-63.623],[34.41,-63.623],[44.081,-62.256],[49.854,-52.783],[44.426,-43.115],[34.756,-41.406]],"c":true},"ix":2},"nm":"B","mn":"ADBE Vector Shape - Group","hd":false},{"ind":1,"ty":"sh","ix":2,"ks":{"a":0,"k":{"i":[[0,0],[0,0],[0,0],[-2.498,-1.009],[0,-5.208],[1.61,-2.18],[6.013,0]],"o":[[0,0],[0,0],[4.108,0],[4.699,1.888],[0,3.093],[-2.563,3.451],[0,0]],"v":[[16.895,-8.301],[16.895,-33.545],[36.364,-33.545],[46.272,-32.031],[53.32,-21.387],[50.905,-13.477],[38.04,-8.301]],"c":true},"ix":2},"nm":"B","mn":"ADBE Vector Shape - Group","hd":false},{"ind":2,"ty":"sh","ix":3,"ks":{"a":0,"k":{"i":[[0,0],[0,0],[-4.356,5.599],[0,4.623],[3.223,3.125],[3.678,1.4],[-1.335,1.53],[0,4.525],[2.097,2.962],[8.453,0],[0,0]],"o":[[0,0],[9.498,0],[2.914,-3.743],[0,-5.501],[-1.823,-1.758],[2.506,-1.27],[2.571,-2.897],[0,-3.873],[-3.572,-5.013],[0,0],[0,0]],"v":[[7.373,0],[37.883,0],[58.665,-8.398],[63.037,-20.947],[58.203,-33.887],[49.951,-38.623],[55.713,-42.822],[59.57,-53.955],[56.425,-64.209],[38.387,-71.729],[7.373,-71.729]],"c":true},"ix":2},"nm":"B","mn":"ADBE Vector Shape - Group","hd":false}],"nm":"B","np":6,"cix":2,"bm":0,"ix":1,"mn":"ADBE Vector Group","hd":false}]},"fFamily":"Helvetica"},{"ch":"i","size":5.82003021240234,"style":"Regular","w":22.22,"data":{"shapes":[{"ty":"gr","it":[{"ind":0,"ty":"sh","ix":1,"ks":{"a":0,"k":{"i":[[0,0],[0,0],[0,0],[0,0]],"o":[[0,0],[0,0],[0,0],[0,0]],"v":[[6.445,0],[15.381,0],[15.381,-52.051],[6.445,-52.051]],"c":true},"ix":2},"nm":"i","mn":"ADBE Vector Shape - Group","hd":false},{"ind":1,"ty":"sh","ix":2,"ks":{"a":0,"k":{"i":[[0,0],[0,0],[0,0],[0,0]],"o":[[0,0],[0,0],[0,0],[0,0]],"v":[[6.445,-61.768],[15.381,-61.768],[15.381,-71.729],[6.445,-71.729]],"c":true},"ix":2},"nm":"i","mn":"ADBE Vector Shape - Group","hd":false}],"nm":"i","np":5,"cix":2,"bm":0,"ix":1,"mn":"ADBE Vector Group","hd":false}]},"fFamily":"Helvetica"},{"ch":"a","size":5.82003021240234,"style":"Regular","w":55.62,"data":{"shapes":[{"ty":"gr","it":[{"ind":0,"ty":"sh","ix":1,"ks":{"a":0,"k":{"i":[[0,2.533],[-2.718,1.527],[-3.184,0.423],[0,0],[-1.689,0.458],[-1.073,0.686],[0,0],[4.883,-2.373],[3.092,0],[1.855,1.462]],"o":[[0,-3.345],[1.604,-0.909],[0,0],[1.624,-0.195],[1.689,-0.457],[0,0],[0,5.396],[-2.898,1.43],[-2.539,0],[-1.855,-1.462]],"v":[[13.184,-13.897],[17.261,-21.204],[24.443,-23.203],[29.755,-23.885],[34.725,-24.863],[38.867,-26.578],[38.867,-19.509],[31.543,-7.858],[22.559,-5.713],[15.967,-7.905]],"c":true},"ix":2},"nm":"a","mn":"ADBE Vector Shape - Group","hd":false},{"ind":1,"ty":"sh","ix":2,"ks":{"a":0,"k":{"i":[[0,0],[3.027,-2.666],[0,-4.844],[-3.076,-2.942],[-4.851,0],[-3.353,1.724],[-1.791,2.344],[-0.716,-1.139],[-3.027,0],[-0.716,0.098],[-1.367,0.391],[0,0],[0.488,-0.049],[0.391,0],[0.374,0.552],[0,0.912],[0,0],[3.804,2.344],[6.145,0],[4.015,-2.53],[0.163,-6.464],[0,0],[-1.072,1.375],[-4.581,0],[-2.128,-1.356],[0,-3.006],[0.39,-0.784],[2.018,-0.259]],"o":[[-4.916,0.618],[-3.027,2.666],[0,4.422],[3.076,2.942],[4.036,0],[3.352,-1.725],[0.293,2.083],[1.367,2.148],[1.237,0],[0.716,-0.098],[0,0],[-0.554,0.098],[-0.488,0.049],[-1.205,0],[-0.375,-0.552],[0,0],[0,-4.948],[-3.837,-2.344],[-5.299,0],[-4.015,2.53],[0,0],[0.325,-2.715],[1.917,-2.486],[3.963,0],[2.128,1.357],[0,1.471],[-0.684,1.43],[0,0]],"v":[[20.459,-29.893],[8.545,-24.966],[4.004,-13.702],[8.618,-2.656],[20.508,1.758],[31.592,-0.829],[39.307,-6.932],[40.82,-2.099],[47.412,1.123],[50.342,0.977],[53.467,0.244],[53.467,-6.249],[51.904,-6.03],[50.586,-5.957],[48.218,-6.786],[47.656,-8.982],[47.656,-39.111],[41.95,-50.049],[26.978,-53.564],[13.005,-49.77],[6.738,-36.279],[14.941,-36.279],[17.036,-42.413],[26.783,-46.143],[35.919,-44.109],[39.111,-37.565],[38.526,-34.183],[34.473,-31.648]],"c":true},"ix":2},"nm":"a","mn":"ADBE Vector Shape - Group","hd":false}],"nm":"a","np":5,"cix":2,"bm":0,"ix":1,"mn":"ADBE Vector Group","hd":false}]},"fFamily":"Helvetica"},{"ch":"y","size":5.82003021240234,"style":"Regular","w":50,"data":{"shapes":[{"ty":"gr","it":[{"ind":0,"ty":"sh","ix":1,"ks":{"a":0,"k":{"i":[[0,0],[0,0],[0,0],[0,0],[1.007,-2.405],[0.162,-0.26],[0.764,-0.536],[1.624,0],[0.682,0.098],[1.527,0.423],[0,0],[-0.667,-0.098],[-1.236,0],[-2.081,2.927],[-5.074,13.336],[-3.191,8.989],[-1.237,3.355],[0,0]],"o":[[0,0],[0,0],[0,0],[-0.455,1.169],[-1.007,2.403],[-0.52,0.78],[-0.764,0.536],[-0.52,0],[-0.682,-0.098],[0,0],[0.975,0.26],[0.667,0.098],[5.074,0],[2.081,-2.928],[2.148,-5.666],[4.264,-11.952],[0,0],[0,0]],"v":[[25.024,-9.698],[11.011,-52.295],[1.05,-52.295],[20.386,1.538],[18.192,6.898],[16.438,10.894],[14.511,12.868],[10.929,13.672],[9.125,13.525],[5.811,12.744],[5.811,20.752],[8.274,21.289],[11.128,21.436],[21.861,17.044],[32.593,-7.352],[40.601,-29.335],[48.853,-52.295],[39.136,-52.295]],"c":true},"ix":2},"nm":"y","mn":"ADBE Vector Shape - Group","hd":false}],"nm":"y","np":3,"cix":2,"bm":0,"ix":1,"mn":"ADBE Vector Group","hd":false}]},"fFamily":"Helvetica"},{"ch":" ","size":5.82003021240234,"style":"Regular","w":27.78,"data":{},"fFamily":"Helvetica"},{"ch":"I","size":5.82003021240234,"style":"Regular","w":27.78,"data":{"shapes":[{"ty":"gr","it":[{"ind":0,"ty":"sh","ix":1,"ks":{"a":0,"k":{"i":[[0,0],[0,0],[0,0],[0,0]],"o":[[0,0],[0,0],[0,0],[0,0]],"v":[[9.814,0],[19.629,0],[19.629,-71.729],[9.814,-71.729]],"c":true},"ix":2},"nm":"I","mn":"ADBE Vector Shape - Group","hd":false}],"nm":"I","np":3,"cix":2,"bm":0,"ix":1,"mn":"ADBE Vector Group","hd":false}]},"fFamily":"Helvetica"},{"ch":"k","size":5.82003021240234,"style":"Regular","w":50,"data":{"shapes":[{"ty":"gr","it":[{"ind":0,"ty":"sh","ix":1,"ks":{"a":0,"k":{"i":[[0,0],[0,0],[0,0],[0,0],[0,0],[0,0],[0,0],[0,0],[0,0],[0,0],[0,0],[0,0]],"o":[[0,0],[0,0],[0,0],[0,0],[0,0],[0,0],[0,0],[0,0],[0,0],[0,0],[0,0],[0,0]],"v":[[6.25,0],[14.697,0],[14.697,-19.629],[21.914,-26.611],[38.362,0],[49.59,0],[28.364,-32.851],[48.463,-52.295],[37.235,-52.295],[14.697,-30.083],[14.697,-71.729],[6.25,-71.729]],"c":true},"ix":2},"nm":"k","mn":"ADBE Vector Shape - Group","hd":false}],"nm":"k","np":3,"cix":2,"bm":0,"ix":1,"mn":"ADBE Vector Group","hd":false}]},"fFamily":"Helvetica"},{"ch":"l","size":5.82003021240234,"style":"Regular","w":22.22,"data":{"shapes":[{"ty":"gr","it":[{"ind":0,"ty":"sh","ix":1,"ks":{"a":0,"k":{"i":[[0,0],[0,0],[0,0],[0,0]],"o":[[0,0],[0,0],[0,0],[0,0]],"v":[[6.689,0],[15.479,0],[15.479,-71.729],[6.689,-71.729]],"c":true},"ix":2},"nm":"l","mn":"ADBE Vector Shape - Group","hd":false}],"nm":"l","np":3,"cix":2,"bm":0,"ix":1,"mn":"ADBE Vector Group","hd":false}]},"fFamily":"Helvetica"},{"ch":"n","size":5.82003021240234,"style":"Regular","w":55.62,"data":{"shapes":[{"ty":"gr","it":[{"ind":0,"ty":"sh","ix":1,"ks":{"a":0,"k":{"i":[[0,0],[0,0],[0,0],[-0.439,1.839],[-1.465,1.726],[-2.409,0.716],[-2.084,0],[-1.562,-3.255],[0,-3.19],[0,0],[0,0],[0,0],[1.432,2.832],[7.422,0],[2.766,-1.334],[2.473,-3.059],[0,0],[0,0]],"o":[[0,0],[0,0],[0,-3.418],[0.439,-1.839],[1.823,-2.148],[1.334,-0.423],[4.102,0],[0.944,1.953],[0,0],[0,0],[0,0],[0,-5.273],[-2.605,-5.176],[-3.386,0],[-2.767,1.335],[0,0],[0,0],[0,0]],"v":[[6.445,0],[15.234,0],[15.234,-27.393],[15.894,-35.278],[18.75,-40.625],[25.098,-44.922],[30.225,-45.557],[38.721,-40.674],[40.137,-32.959],[40.137,0],[49.072,0],[49.072,-33.545],[46.924,-45.703],[31.885,-53.467],[22.656,-51.465],[14.795,-44.873],[14.795,-52.295],[6.445,-52.295]],"c":true},"ix":2},"nm":"n","mn":"ADBE Vector Shape - Group","hd":false}],"nm":"n","np":3,"cix":2,"bm":0,"ix":1,"mn":"ADBE Vector Group","hd":false}]},"fFamily":"Helvetica"},{"ch":"4","size":10.2291402816772,"style":"ExtraBold","w":60,"data":{"shapes":[{"ty":"gr","it":[{"ind":0,"ty":"sh","ix":1,"ks":{"a":0,"k":{"i":[[0,0],[0,0],[0,0],[0,0],[0,0],[0,0],[0,0],[0,0],[0,0],[0,0],[0,0]],"o":[[0,0],[0,0],[0,0],[0,0],[0,0],[0,0],[0,0],[0,0],[0,0],[0,0],[0,0]],"v":[[48.3,-24.8],[48.3,-70.5],[35.8,-70.5],[3.6,-24.4],[3.6,-12.9],[33.1,-12.9],[33.1,0],[48.3,0],[48.3,-12.9],[57.9,-12.9],[57.9,-24.8]],"c":true},"ix":2},"nm":"4","mn":"ADBE Vector Shape - Group","hd":false},{"ind":1,"ty":"sh","ix":2,"ks":{"a":0,"k":{"i":[[0,0],[0,0],[0,0]],"o":[[0,0],[0,0],[0,0]],"v":[[33.1,-46.8],[33.1,-24.8],[17.8,-24.8]],"c":true},"ix":2},"nm":"4","mn":"ADBE Vector Shape - Group","hd":false}],"nm":"4","np":5,"cix":2,"bm":0,"ix":1,"mn":"ADBE Vector Group","hd":false}]},"fFamily":"Nunito Sans"},{"ch":"P","size":14,"style":"ExtraBold","w":66.8,"data":{"shapes":[{"ty":"gr","it":[{"ind":0,"ty":"sh","ix":1,"ks":{"a":0,"k":{"i":[[0,0],[0,0],[0,0],[0,0],[-4.267,3.867],[0,6.934],[4.266,3.867],[7.666,0],[0,0]],"o":[[0,0],[0,0],[0,0],[7.666,0],[4.266,-3.866],[0,-6.933],[-4.267,-3.866],[0,0],[0,0]],"v":[[7,0],[22.6,0],[22.6,-26.5],[39.4,-26.5],[57.3,-32.3],[63.7,-48.5],[57.3,-64.7],[39.4,-70.5],[7,-70.5]],"c":true},"ix":2},"nm":"P","mn":"ADBE Vector Shape - Group","hd":false},{"ind":1,"ty":"sh","ix":2,"ks":{"a":0,"k":{"i":[[0,0],[0,0],[0,0],[-1.934,-1.666],[0,-3.466],[7.8,0]],"o":[[0,0],[0,0],[3.933,0],[1.933,1.667],[0,6.734],[0,0]],"v":[[22.6,-38.3],[22.6,-58.6],[37.4,-58.6],[46.2,-56.1],[49.1,-48.4],[37.4,-38.3]],"c":true},"ix":2},"nm":"P","mn":"ADBE Vector Shape - Group","hd":false}],"nm":"P","np":5,"cix":2,"bm":0,"ix":1,"mn":"ADBE Vector Group","hd":false}]},"fFamily":"Nunito Sans"},{"ch":"e","size":14,"style":"ExtraBold","w":53.3,"data":{"shapes":[{"ty":"gr","it":[{"ind":0,"ty":"sh","ix":1,"ks":{"a":0,"k":{"i":[[0,0],[4.033,4.467],[6.866,0],[3.666,-2.166],[2.066,-3.866],[0,-5],[-4.767,-4.566],[-8.267,0],[-3.434,1.066],[-2.4,1.867],[0,0],[2.5,-0.833],[2.533,0],[2.1,1.767],[0.466,3.934],[0,0]],"o":[[0,-7.666],[-4.034,-4.466],[-4.667,0],[-3.667,2.167],[-2.067,3.867],[0,7.867],[4.766,4.567],[3.466,0],[3.433,-1.066],[0,0],[-2.067,1.534],[-2.5,0.834],[-3.867,0],[-2.1,-1.766],[0,0],[0,0]],"v":[[50,-25.4],[43.95,-43.6],[27.6,-50.3],[15.1,-47.05],[6.5,-38],[3.4,-24.7],[10.55,-6.05],[30.1,0.8],[40.45,-0.8],[49.2,-5.2],[45.2,-15.3],[38.35,-11.75],[30.8,-10.5],[21.85,-13.15],[18,-21.7],[50,-21.7]],"c":true},"ix":2},"nm":"e","mn":"ADBE Vector Shape - Group","hd":false},{"ind":1,"ty":"sh","ix":2,"ks":{"a":0,"k":{"i":[[-2.867,0],[-1.567,-1.8],[-0.2,-3.533],[0,0],[-1.7,1.834]],"o":[[2.866,0],[1.566,1.8],[0,0],[0.4,-3.466],[1.7,-1.833]],"v":[[28,-39.9],[34.65,-37.2],[37.3,-29.2],[18,-29.2],[21.15,-37.15]],"c":true},"ix":2},"nm":"e","mn":"ADBE Vector Shape - Group","hd":false}],"nm":"e","np":5,"cix":2,"bm":0,"ix":1,"mn":"ADBE Vector Group","hd":false}]},"fFamily":"Nunito Sans"},{"ch":"r","size":14,"style":"ExtraBold","w":40.1,"data":{"shapes":[{"ty":"gr","it":[{"ind":0,"ty":"sh","ix":1,"ks":{"a":0,"k":{"i":[[0,0],[0,0],[2.466,-5.666],[0,0],[0,0],[0,0],[0,0],[0,0],[-1.734,1.967],[-4.2,0.4],[0,0]],"o":[[0,0],[-7.734,0.534],[0,0],[0,0],[0,0],[0,0],[0,0],[0,-3.266],[1.733,-1.966],[0,0],[0,0]],"v":[[40,-50.4],[35.6,-50.1],[20.3,-40.8],[20.3,-49.1],[5.8,-49.1],[5.8,0],[20.9,0],[20.9,-25.6],[23.5,-33.45],[32.4,-37],[40.9,-37.9]],"c":true},"ix":2},"nm":"r","mn":"ADBE Vector Shape - Group","hd":false}],"nm":"r","np":3,"cix":2,"bm":0,"ix":1,"mn":"ADBE Vector Group","hd":false}]},"fFamily":"Nunito Sans"},{"ch":"f","size":14,"style":"ExtraBold","w":36.2,"data":{"shapes":[{"ty":"gr","it":[{"ind":0,"ty":"sh","ix":1,"ks":{"a":0,"k":{"i":[[0,0],[-1.567,1.3],[-3.867,0.134],[0,0],[0,0],[0,0],[3.9,-3.5],[0.133,-6.933],[0,0],[0,0],[0,0],[0,0],[0,0],[0,0],[0,0],[0,0],[0,0]],"o":[[0,-3],[1.566,-1.3],[0,0],[0,0],[0,0],[-8,0.467],[-3.9,3.5],[0,0],[0,0],[0,0],[0,0],[0,0],[0,0],[0,0],[0,0],[0,0],[0,0]],"v":[[24.8,-51.1],[27.15,-57.55],[35.3,-59.7],[40,-59.9],[39.1,-71],[33.6,-70.7],[15.75,-64.75],[9.7,-49.1],[0.4,-49.1],[0.4,-37.8],[9.7,-37.8],[9.7,0],[24.8,0],[24.8,-37.8],[37.1,-37.8],[37.1,-49.1],[24.8,-49.1]],"c":true},"ix":2},"nm":"f","mn":"ADBE Vector Shape - Group","hd":false}],"nm":"f","np":3,"cix":2,"bm":0,"ix":1,"mn":"ADBE Vector Group","hd":false}]},"fFamily":"Nunito Sans"},{"ch":"o","size":14,"style":"ExtraBold","w":58.8,"data":{"shapes":[{"ty":"gr","it":[{"ind":0,"ty":"sh","ix":1,"ks":{"a":0,"k":{"i":[[-5.2,0],[-3.934,2.1],[-2.134,3.834],[0,5.2],[2.133,3.834],[3.933,2.067],[5.2,0],[3.933,-2.066],[2.133,-3.833],[0,-5.2],[-2.134,-3.833],[-3.934,-2.1]],"o":[[5.2,0],[3.933,-2.1],[2.133,-3.833],[0,-5.2],[-2.134,-3.833],[-3.934,-2.066],[-5.2,0],[-3.934,2.067],[-2.134,3.834],[0,5.2],[2.133,3.834],[3.933,2.1]],"v":[[29.4,0.8],[43.1,-2.35],[52.2,-11.25],[55.4,-24.8],[52.2,-38.35],[43.1,-47.2],[29.4,-50.3],[15.7,-47.2],[6.6,-38.35],[3.4,-24.8],[6.6,-11.25],[15.7,-2.35]],"c":true},"ix":2},"nm":"o","mn":"ADBE Vector Shape - Group","hd":false},{"ind":1,"ty":"sh","ix":2,"ks":{"a":0,"k":{"i":[[7.333,0],[0,9.4],[-7.334,0],[-1.9,-2.333],[0,-4.733]],"o":[[-7.334,0],[0,-9.4],[3.533,0],[1.9,2.334],[0,9.4]],"v":[[29.4,-10.7],[18.4,-24.8],[29.4,-38.9],[37.55,-35.4],[40.4,-24.8]],"c":true},"ix":2},"nm":"o","mn":"ADBE Vector Shape - Group","hd":false}],"nm":"o","np":5,"cix":2,"bm":0,"ix":1,"mn":"ADBE Vector Group","hd":false}]},"fFamily":"Nunito Sans"},{"ch":"m","size":14,"style":"ExtraBold","w":88.5,"data":{"shapes":[{"ty":"gr","it":[{"ind":0,"ty":"sh","ix":1,"ks":{"a":0,"k":{"i":[[5.6,0],[2.866,-1.633],[1.6,-2.8],[7.266,0],[2.566,-1.333],[1.533,-2.533],[0,0],[0,0],[0,0],[0,0],[0,0],[-1.6,2],[-2.867,0],[-1.034,-1.466],[0,-3.333],[0,0],[0,0],[0,0],[-1.6,2],[-2.867,0],[-1.034,-1.466],[0,-3.333],[0,0],[0,0],[0,0],[2.733,3.4]],"o":[[-3.467,0],[-2.867,1.634],[-2.467,-6.066],[-3.334,0],[-2.567,1.334],[0,0],[0,0],[0,0],[0,0],[0,0],[0,-3.6],[1.6,-2],[2.466,0],[1.033,1.467],[0,0],[0,0],[0,0],[0,-3.6],[1.6,-2],[2.466,0],[1.033,1.467],[0,0],[0,0],[0,0],[0,-7],[-2.734,-3.4]],"v":[[66.3,-50.3],[56.8,-47.85],[50.1,-41.2],[35.5,-50.3],[26.65,-48.3],[20.5,-42.5],[20.5,-49.1],[5.8,-49.1],[5.8,0],[20.9,0],[20.9,-27.1],[23.3,-35.5],[30,-38.5],[35.25,-36.3],[36.8,-29.1],[36.8,0],[51.9,0],[51.9,-27.1],[54.3,-35.5],[61,-38.5],[66.25,-36.3],[67.8,-29.1],[67.8,0],[82.9,0],[82.9,-29.6],[78.8,-45.2]],"c":true},"ix":2},"nm":"m","mn":"ADBE Vector Shape - Group","hd":false}],"nm":"m","np":3,"cix":2,"bm":0,"ix":1,"mn":"ADBE Vector Group","hd":false}]},"fFamily":"Nunito Sans"},{"ch":"a","size":14,"style":"ExtraBold","w":54.6,"data":{"shapes":[{"ty":"gr","it":[{"ind":0,"ty":"sh","ix":1,"ks":{"a":0,"k":{"i":[[7.333,0],[4.1,-1.166],[2.8,-1.733],[0,0],[-2.934,0.867],[-2.4,0],[-1.267,-1.2],[0,-2.933],[0,0],[0,0],[4.066,-0.933],[1.833,-2.066],[0,-3.6],[-1.567,-2.4],[-2.7,-1.333],[-3.334,0],[-2.334,1.433],[-1,2.534],[0,0],[0,0],[0,0],[3.5,3.467]],"o":[[-3.534,0],[-4.1,1.167],[0,0],[2.666,-1.533],[2.933,-0.866],[3.133,0],[1.266,1.2],[0,0],[0,0],[-7.067,0],[-4.067,0.934],[-1.834,2.067],[0,2.934],[1.566,2.4],[2.7,1.333],[3.133,0],[2.333,-1.433],[0,0],[0,0],[0,0],[0,-7.266],[-3.5,-3.466]],"v":[[27.6,-50.3],[16.15,-48.55],[5.8,-44.2],[9.8,-34.1],[18.2,-37.7],[26.2,-39],[32.8,-37.2],[34.7,-31],[34.7,-29.2],[32.1,-29.2],[15.4,-27.8],[6.55,-23.3],[3.8,-14.8],[6.15,-6.8],[12.55,-1.2],[21.6,0.8],[29.8,-1.35],[34.8,-7.3],[34.8,0],[49.1,0],[49.1,-29],[43.85,-45.1]],"c":true},"ix":2},"nm":"a","mn":"ADBE Vector Shape - Group","hd":false},{"ind":1,"ty":"sh","ix":2,"ks":{"a":0,"k":{"i":[[2.933,0],[1.233,1.2],[0,1.8],[-2.167,0.867],[-5.4,0],[0,0],[0,0],[1.8,-1.966]],"o":[[-1.867,0],[-1.234,-1.2],[0,-2.266],[2.166,-0.866],[0,0],[0,0],[0,3.134],[-1.8,1.967]],"v":[[24.9,-9.6],[20.25,-11.4],[18.4,-15.9],[21.65,-20.6],[33,-21.9],[34.7,-21.9],[34.7,-20.2],[32,-12.55]],"c":true},"ix":2},"nm":"a","mn":"ADBE Vector Shape - Group","hd":false}],"nm":"a","np":5,"cix":2,"bm":0,"ix":1,"mn":"ADBE Vector Group","hd":false}]},"fFamily":"Nunito Sans"},{"ch":" ","size":14,"style":"ExtraBold","w":27.9,"data":{},"fFamily":"Nunito Sans"},{"ch":"I","size":14,"style":"ExtraBold","w":29.6,"data":{"shapes":[{"ty":"gr","it":[{"ind":0,"ty":"sh","ix":1,"ks":{"a":0,"k":{"i":[[0,0],[0,0],[0,0],[0,0]],"o":[[0,0],[0,0],[0,0],[0,0]],"v":[[22.6,0],[22.6,-70.5],[7,-70.5],[7,0]],"c":true},"ix":2},"nm":"I","mn":"ADBE Vector Shape - Group","hd":false}],"nm":"I","np":3,"cix":2,"bm":0,"ix":1,"mn":"ADBE Vector Group","hd":false}]},"fFamily":"Nunito Sans"},{"ch":"k","size":14,"style":"ExtraBold","w":55.8,"data":{"shapes":[{"ty":"gr","it":[{"ind":0,"ty":"sh","ix":1,"ks":{"a":0,"k":{"i":[[0,0],[0,0],[0,0],[0,0],[0,0],[0,0],[0,0],[0,0],[0,0],[0,0],[0,0]],"o":[[0,0],[0,0],[0,0],[0,0],[0,0],[0,0],[0,0],[0,0],[0,0],[0,0],[0,0]],"v":[[36.4,-25.6],[57,-49],[39,-49],[20.9,-28.1],[20.9,-70.5],[5.8,-70.5],[5.8,0],[20.9,0],[20.9,-21.9],[39.7,0],[58.2,0]],"c":true},"ix":2},"nm":"k","mn":"ADBE Vector Shape - Group","hd":false}],"nm":"k","np":3,"cix":2,"bm":0,"ix":1,"mn":"ADBE Vector Group","hd":false}]},"fFamily":"Nunito Sans"},{"ch":"l","size":14,"style":"ExtraBold","w":26.7,"data":{"shapes":[{"ty":"gr","it":[{"ind":0,"ty":"sh","ix":1,"ks":{"a":0,"k":{"i":[[0,0],[0,0],[0,0],[0,0]],"o":[[0,0],[0,0],[0,0],[0,0]],"v":[[20.9,0],[20.9,-70.5],[5.8,-70.5],[5.8,0]],"c":true},"ix":2},"nm":"l","mn":"ADBE Vector Shape - Group","hd":false}],"nm":"l","np":3,"cix":2,"bm":0,"ix":1,"mn":"ADBE Vector Group","hd":false}]},"fFamily":"Nunito Sans"},{"ch":"n","size":14,"style":"ExtraBold","w":59.5,"data":{"shapes":[{"ty":"gr","it":[{"ind":0,"ty":"sh","ix":1,"ks":{"a":0,"k":{"i":[[5.866,0],[2.766,-1.4],[1.733,-2.666],[0,0],[0,0],[0,0],[0,0],[0,0],[-1.9,2],[-3.134,0],[-1.234,-1.533],[0,-3.333],[0,0],[0,0],[0,0],[2.866,3.434]],"o":[[-3.467,0],[-2.767,1.4],[0,0],[0,0],[0,0],[0,0],[0,0],[0,-3.333],[1.9,-2],[2.6,0],[1.233,1.534],[0,0],[0,0],[0,0],[0,-6.933],[-2.867,-3.433]],"v":[[36.6,-50.3],[27.25,-48.2],[20.5,-42.1],[20.5,-49.1],[5.8,-49.1],[5.8,0],[20.9,0],[20.9,-27.5],[23.75,-35.5],[31.3,-38.5],[37.05,-36.2],[38.9,-28.9],[38.9,0],[54,0],[54,-29.6],[49.7,-45.15]],"c":true},"ix":2},"nm":"n","mn":"ADBE Vector Shape - Group","hd":false}],"nm":"n","np":3,"cix":2,"bm":0,"ix":1,"mn":"ADBE Vector Group","hd":false}]},"fFamily":"Nunito Sans"}]}